material_id,formula,regime_calc,estrutura_esperada,is_pv_candidate,is_ibsc_candidate,is_pv_candidate_amp,is_ibsc_candidate_amp,energy_above_hull,is_stable,near_hull,is_gap_direct,ordering,band_gap,density,site_density,efermi,volume,nsites,MagpieData minimum Number,MagpieData maximum Number,MagpieData range Number,MagpieData mean Number,MagpieData avg_dev Number,MagpieData mode Number,MagpieData minimum MendeleevNumber,MagpieData maximum MendeleevNumber,MagpieData mean MendeleevNumber,MagpieData mode MendeleevNumber,MagpieData minimum MeltingT,MagpieData maximum MeltingT,MagpieData mean MeltingT,MagpieData avg_dev MeltingT,MagpieData mode MeltingT,MagpieData minimum Column,MagpieData maximum Column,MagpieData mean Column,MagpieData avg_dev Column,MagpieData minimum Row,MagpieData maximum Row,MagpieData range Row,MagpieData avg_dev Row,MagpieData minimum CovalentRadius,MagpieData maximum CovalentRadius,MagpieData range CovalentRadius,MagpieData mean CovalentRadius,MagpieData avg_dev CovalentRadius,MagpieData mode CovalentRadius,MagpieData maximum Electronegativity,MagpieData range Electronegativity,MagpieData mean Electronegativity,MagpieData avg_dev Electronegativity,MagpieData mode Electronegativity,MagpieData minimum NsValence,MagpieData mean NsValence,MagpieData mode NsValence,MagpieData minimum NpValence,MagpieData range NpValence,MagpieData mean NpValence,MagpieData avg_dev NpValence,MagpieData minimum NdValence,MagpieData maximum NdValence,MagpieData mean NdValence,MagpieData avg_dev NdValence,MagpieData maximum NfValence,MagpieData mean NfValence,MagpieData minimum NValence,MagpieData maximum NValence,MagpieData range NValence,MagpieData mean NValence,MagpieData avg_dev NValence,MagpieData maximum NpUnfilled,MagpieData range NpUnfilled,MagpieData mean NpUnfilled,MagpieData avg_dev NpUnfilled,MagpieData mode NpUnfilled,MagpieData maximum NdUnfilled,MagpieData mean NdUnfilled,MagpieData maximum NfUnfilled,MagpieData minimum NUnfilled,MagpieData maximum NUnfilled,MagpieData range NUnfilled,MagpieData mean NUnfilled,MagpieData avg_dev NUnfilled,MagpieData minimum GSvolume_pa,MagpieData maximum GSvolume_pa,MagpieData mean GSvolume_pa,MagpieData avg_dev GSvolume_pa,MagpieData mode GSvolume_pa,MagpieData maximum GSbandgap,MagpieData mean GSbandgap,MagpieData avg_dev GSbandgap,MagpieData mode GSbandgap,MagpieData maximum GSmagmom,MagpieData minimum SpaceGroupNumber,MagpieData maximum SpaceGroupNumber,MagpieData range SpaceGroupNumber,MagpieData mean SpaceGroupNumber,MagpieData avg_dev SpaceGroupNumber,MagpieData mode SpaceGroupNumber,regime_GGA,regime_GGAU,regime_HSE06,gap_direto
mp-1215443,ZnGaPS,GGA,relacionada,True,False,True,True,0.02351833142857,False,True,True,NM,1.67,3.987296575491632,0.0484674146588276,2.83613617,82.52967541505649,4,15.0,31.0,16.0,23.0,7.5,15.0,69.0,88.0,78.5,69.0,302.91,692.68,425.3125,133.68374999999997,302.91,12.0,16.0,14.0,1.5,3.0,4.0,1.0,0.5,105.0,122.0,17.0,114.0,8.0,105.0,2.58,0.9300000000000002,2.0575,0.3275,1.65,2.0,2.0,2.0,0.0,4.0,2.0,1.5,0.0,10.0,5.0,5.0,0.0,0.0,5.0,13.0,8.0,9.0,3.5,5.0,5.0,2.5,1.5,0.0,0.0,0.0,0.0,0.0,5.0,5.0,2.5,1.5,13.96,25.786875,20.2936532738,3.884903273799999,13.96,2.202,0.95675,0.95675,0.0,0.0,2.0,194.0,192.0,82.5,55.75,2.0,1,0,0,1
mp-1217996,TaCu3Se3S,GGA,relacionada,True,False,True,True,0.0,True,True,False,NM,1.6491,5.846707643517421,0.0439756427343487,2.81235618,181.91888742427204,8,16.0,73.0,57.0,34.75,9.5625,29.0,48.0,89.0,74.375,64.0,388.36,3290.0,1154.20875,686.6187500000001,494.0,5.0,16.0,12.75,3.25,3.0,6.0,3.0,0.46875,105.0,170.0,65.0,128.875,12.625,120.0,2.58,1.08,2.17875,0.37875,1.9,1.0,1.625,1.0,0.0,4.0,2.0,2.0,0.0,10.0,7.875,3.1875,14.0,1.75,6.0,19.0,13.0,13.25,3.5,2.0,2.0,1.0,1.0,0.0,7.0,0.875,0.0,1.0,7.0,6.0,2.25,1.1875,11.07,25.92,19.359609375,6.527109375,11.07,2.202,0.574875,0.574875,0.0,0.0,14.0,229.0,215.0,127.0,99.0,14.0,1,0,0,0
mp-1226798,CdIn4As4S,GGA,relacionada,False,False,False,False,0.0103115375,False,True,True,NM,0.0099,5.15253818372345,0.034345947225809,3.43760443,291.15516699116034,10,16.0,49.0,33.0,39.2,9.6,33.0,70.0,88.0,79.4,75.0,388.36,1090.0,706.158,307.0736,429.75,12.0,16.0,14.0,1.2,3.0,5.0,2.0,0.6,105.0,144.0,39.0,129.3,13.1,119.0,2.58,0.8900000000000001,2.011,0.24900000000000005,1.78,2.0,2.0,2.0,0.0,4.0,2.0,1.2,0.0,10.0,9.0,1.8,0.0,0.0,6.0,15.0,9.0,13.0,1.6,5.0,5.0,3.4,1.28,3.0,0.0,0.0,0.0,0.0,5.0,5.0,3.4,1.28,19.495,25.786875,23.102187500000003,1.4631875,22.175,2.202,0.2202,0.39636,0.0,0.0,70.0,194.0,124.0,148.4,23.2,139.0,1,0,0,1
mp-1226842,CdGa4As4S,GGA,relacionada,False,False,False,False,0.009775825499999,False,True,True,NM,0.173799999999999,4.960340489259347,0.0413134456469252,2.650275869999999,242.0519480621983,10,16.0,48.0,32.0,32.0,4.0,31.0,70.0,88.0,79.0,74.0,302.91,1090.0,655.422,347.6624,302.91,12.0,16.0,14.0,1.2,3.0,5.0,2.0,0.2,105.0,144.0,39.0,121.3,5.1,119.0,2.58,0.8900000000000001,2.0229999999999997,0.23700000000000004,1.81,2.0,2.0,2.0,0.0,4.0,2.0,1.2,0.0,10.0,9.0,1.8,0.0,0.0,6.0,15.0,9.0,13.0,1.6,5.0,5.0,3.4,1.28,3.0,0.0,0.0,0.0,0.0,5.0,5.0,3.4,1.28,18.8575,25.786875,20.9411875,1.9561874999999993,18.8575,2.202,0.2202,0.39636,0.0,0.0,64.0,194.0,130.0,118.4,53.2,64.0,1,0,0,1
mp-561350,AlBiSCl4,GGA,kesterita,False,False,False,True,0.0,True,True,False,NM,2.8305,3.256818015369465,0.033498797392029,0.03447033,835.8509015210963,28,13.0,83.0,70.0,25.714285714285715,16.367346938775512,17.0,73.0,94.0,89.0,94.0,171.6,933.47,364.6614285714286,220.6416326530612,171.6,13.0,17.0,16.0,1.1428571428571428,3.0,6.0,3.0,0.7346938775510203,102.0,148.0,46.0,111.71428571428571,13.020408163265303,102.0,3.16,1.55,2.692857142857143,0.5338775510204082,3.16,2.0,2.0,2.0,1.0,4.0,4.0,1.1428571428571428,0.0,10.0,1.4285714285714286,2.4489795918367347,14.0,2.0,3.0,29.0,26.0,9.428571428571429,5.591836734693878,5.0,4.0,2.0,1.1428571428571428,1.0,0.0,0.0,0.0,1.0,5.0,4.0,2.0,1.1428571428571428,16.48,32.95,24.743839285714284,2.642627551020408,24.4975,2.493,1.739142857142857,0.9937959183673469,2.493,0.0,12.0,225.0,213.0,80.42857142857143,41.30612244897959,64.0,1,0,0,0
mp-866713,ReTeSCl4,GGA,kesterita,False,True,False,True,0.0,True,True,False,NM,2.3274,3.840004270089397,0.0331926664992693,0.630814,843.5598267049858,28,16.0,75.0,59.0,30.142857142857142,19.061224489795922,17.0,54.0,94.0,86.85714285714286,94.0,171.6,3459.0,750.9171428571427,773.7379591836734,171.6,7.0,17.0,15.285714285714286,2.3673469387755097,3.0,6.0,3.0,1.0204081632653061,102.0,151.0,49.0,114.57142857142857,17.10204081632653,102.0,3.16,1.2600000000000002,2.7457142857142856,0.4734693877551021,3.16,2.0,2.0,2.0,0.0,5.0,4.0,1.1428571428571428,0.0,10.0,2.142857142857143,3.0612244897959187,14.0,2.0,6.0,21.0,15.0,10.142857142857142,4.775510204081633,2.0,2.0,1.1428571428571428,0.4897959183673469,1.0,5.0,0.7142857142857143,0.0,1.0,5.0,4.0,1.8571428571428572,0.979591836734694,14.655,34.7633333333,24.742172619042858,3.161675170061225,24.4975,2.493,1.8054285714285714,0.8991020408163265,2.493,0.0,64.0,194.0,130.0,96.0,44.0,64.0,1,0,0,0
mp-1219554,RbLiZnS2,GGA,kesterita,False,True,False,True,0.0,True,True,True,NM,2.5255,3.30550831182563,0.0448444101361741,1.03850678,111.49661651958507,5,3.0,37.0,34.0,20.4,10.48,16.0,1.0,88.0,50.0,88.0,312.46,692.68,447.11,100.85999999999999,388.36,1.0,16.0,9.2,6.56,2.0,5.0,3.0,0.8800000000000001,105.0,220.0,115.0,136.0,33.6,105.0,2.58,1.7600000000000002,1.722,0.6864000000000001,2.58,1.0,1.6,2.0,0.0,4.0,1.6,1.9200000000000004,0.0,10.0,2.0,3.2,0.0,0.0,1.0,12.0,11.0,5.2,3.3599999999999994,2.0,2.0,0.8,0.9600000000000002,2.0,0.0,0.0,0.0,0.0,2.0,2.0,1.2,0.64,13.96,90.7225,34.56991666666,22.461033333336,25.786875,2.202,0.8808,1.0569600000000001,2.202,0.0,70.0,229.0,159.0,158.4,70.72,70.0,1,0,0,1
mp-1219557,RbMnCuS2,GGA,kesterita,False,False,False,False,0.0,True,True,False,FM,0.1549,4.049566798249158,0.0454843581155348,3.91967195,109.92790064882304,5,16.0,37.0,21.0,24.6,6.88,16.0,4.0,88.0,59.2,88.0,312.46,1519.0,793.1899999999999,516.156,388.36,1.0,16.0,10.2,4.96,3.0,5.0,2.0,0.64,105.0,220.0,115.0,140.2,31.919999999999995,105.0,2.58,1.7600000000000002,1.886,0.5608000000000001,2.58,1.0,1.6,2.0,0.0,4.0,1.6,1.9200000000000004,0.0,10.0,3.0,3.6,0.0,0.0,1.0,11.0,10.0,6.2,2.24,2.0,2.0,0.8,0.9600000000000002,2.0,5.0,1.0,0.0,1.0,5.0,4.0,2.2,1.12,10.4875862069,90.7225,32.77076724138,23.180693103448,25.786875,2.202,0.8808,1.0569600000000001,2.202,0.000310120689655,70.0,229.0,159.0,162.2,73.76,70.0,1,0,0,0
mp-1225887,CsLiZnS2,GGA,kesterita,False,True,False,True,0.0,True,True,True,NM,2.5019,3.752316748058588,0.0419417223189759,3.95145796,119.2130347431588,5,3.0,55.0,52.0,24.0,14.8,16.0,1.0,88.0,50.2,88.0,301.59,692.68,444.93600000000004,102.5992,388.36,1.0,16.0,9.2,6.56,2.0,6.0,4.0,1.12,105.0,244.0,139.0,140.8,41.28000000000001,105.0,2.58,1.79,1.716,0.6912,2.58,1.0,1.6,2.0,0.0,4.0,1.6,1.9200000000000004,0.0,10.0,2.0,3.2,0.0,0.0,1.0,12.0,11.0,5.2,3.3599999999999994,2.0,2.0,0.8,0.9600000000000002,2.0,0.0,0.0,0.0,0.0,2.0,2.0,1.2,0.64,13.96,115.765,39.578416666660004,30.474633333336005,25.786875,2.202,0.8808,1.0569600000000001,2.202,0.0,70.0,229.0,159.0,158.4,70.72,70.0,1,0,0,1
mp-1225894,CsLiMnS2,GGA,kesterita,False,False,True,False,0.0,True,True,False,FM,0.809299999999999,3.50941290450225,0.0408130459209843,3.5505405,122.50984672107538,5,3.0,55.0,52.0,23.0,13.6,16.0,1.0,88.0,46.8,88.0,301.59,1519.0,610.2,363.52000000000004,388.36,1.0,16.0,8.2,6.24,2.0,6.0,4.0,1.12,105.0,244.0,139.0,144.2,39.919999999999995,105.0,2.58,1.79,1.6960000000000002,0.7072,2.58,1.0,1.6,2.0,0.0,4.0,1.6,1.9200000000000004,0.0,5.0,1.0,1.6,0.0,0.0,1.0,7.0,6.0,4.2,2.5599999999999996,2.0,2.0,0.8,0.9600000000000002,2.0,5.0,1.0,0.0,1.0,5.0,4.0,2.2,1.12,10.4875862069,115.765,38.88393390804,30.752426436784003,25.786875,2.202,0.8808,1.0569600000000001,2.202,0.000310120689655,70.0,229.0,159.0,163.0,74.4,70.0,1,0,0,0
mp-753940,KLiMnS2,GGA,kesterita,False,False,False,False,0.0,True,True,False,FM,0.6361999999999991,2.499548090785788,0.04558437555974,2.36540622,109.686705995288,5,3.0,25.0,22.0,15.8,5.119999999999999,16.0,1.0,88.0,46.4,88.0,336.53,1519.0,617.1880000000001,360.7248000000001,388.36,1.0,16.0,8.2,6.24,2.0,4.0,2.0,0.64,105.0,203.0,98.0,136.0,28.0,105.0,2.58,1.7600000000000002,1.702,0.7024000000000001,2.58,1.0,1.6,2.0,0.0,4.0,1.6,1.9200000000000004,0.0,5.0,1.0,1.6,0.0,0.0,1.0,7.0,6.0,4.2,2.5599999999999996,2.0,2.0,0.8,0.9600000000000002,2.0,5.0,1.0,0.0,1.0,5.0,4.0,2.2,1.12,10.4875862069,73.1066666667,30.352267241379998,17.101759770128,25.786875,2.202,0.8808,1.0569600000000001,2.202,0.000310120689655,70.0,229.0,159.0,163.0,74.4,70.0,1,0,0,0
mp-774907,KLiZnS2,GGA,kesterita,False,True,False,True,0.0,True,True,False,NM,2.5442,2.759771040667913,0.0473285413915537,1.0428322,105.644498076425,5,3.0,30.0,27.0,16.8,6.16,16.0,1.0,88.0,49.8,88.0,336.53,692.68,451.924,97.00879999999998,388.36,1.0,16.0,9.2,6.56,2.0,4.0,2.0,0.64,105.0,203.0,98.0,132.6,28.159999999999997,105.0,2.58,1.7600000000000002,1.722,0.6864000000000001,2.58,1.0,1.6,2.0,0.0,4.0,1.6,1.9200000000000004,0.0,10.0,2.0,3.2,0.0,0.0,1.0,12.0,11.0,5.2,3.3599999999999994,2.0,2.0,0.8,0.9600000000000002,2.0,0.0,0.0,0.0,0.0,2.0,2.0,1.2,0.64,13.96,73.1066666667,31.046749999999996,16.823966666679997,25.786875,2.202,0.8808,1.0569600000000001,2.202,0.0,70.0,229.0,159.0,158.4,70.72,70.0,1,0,0,0
mp-1224911,Fe3H9S2O15,GGA+U,relacionada,False,True,True,True,0.020887538390803,False,True,False,FM,1.9904,2.866981317641671,0.1041537312338583,2.76269133,278.43457604879995,29,1.0,26.0,25.0,8.241379310344827,4.744351961950059,8.0,55.0,92.0,85.3103448275862,87.0,14.01,1811.0,246.82103448275865,343.1458501783591,54.8,1.0,16.0,10.517241379310345,6.428061831153389,1.0,4.0,3.0,0.5992865636147444,31.0,132.0,101.0,64.65517241379311,20.88941736028538,66.0,3.44,1.6099999999999999,2.829310344827586,0.6317479191438762,3.44,1.0,1.6896551724137931,2.0,0.0,4.0,2.3448275862068964,1.9405469678953626,0.0,6.0,0.6206896551724138,1.1129607609988112,0.0,0.0,1.0,8.0,7.0,4.655172413793103,2.268727705112961,2.0,2.0,1.1724137931034482,0.9702734839476813,2.0,4.0,0.41379310344827586,0.0,1.0,4.0,3.0,1.896551724137931,0.5564803804994054,6.615,25.786875,9.65081896551724,2.4489417360285364,9.105,7.853,2.5889999999999995,3.267310344827586,0.0,2.1106628,12.0,229.0,217.0,94.93103448275862,89.22948870392392,12.0,0,1,0,0
mp-1223262,La6Sb4(SO4)3,GGA,relacionada,False,True,True,True,0.0,True,True,True,NM,1.957899999999999,5.790163945422656,0.0541897742154933,8.3453657,922.6833055470552,50,8.0,57.0,49.0,27.6,21.6,8.0,13.0,88.0,69.04,87.0,54.8,1193.0,503.832,458.78399999999993,54.8,3.0,16.0,12.72,4.6655999999999995,2.0,6.0,4.0,1.632,66.0,207.0,141.0,116.2,50.88,66.0,3.44,2.34,2.5528,0.85824,3.44,2.0,2.0,2.0,0.0,4.0,2.88,1.3824,0.0,10.0,1.84,2.6112,0.0,0.0,3.0,15.0,12.0,6.72,2.6496,3.0,3.0,1.68,0.8064,2.0,9.0,2.16,0.0,2.0,9.0,7.0,3.84,2.4768,9.105,36.8975,21.369825000000002,11.774232,9.105,2.202,0.26424,0.46506239999999993,0.0,0.0,12.0,194.0,182.0,87.28,76.416,12.0,1,0,0,1
mp-1021497,Li2SiSnS4,GGA,kesterita,False,True,True,True,0.016868490312502,False,True,True,NM,1.9189,2.965496773110087,0.0494463723045054,3.80801766,161.79144449128904,8,3.0,50.0,47.0,16.75,8.3125,16.0,1.0,88.0,64.0,88.0,388.36,1687.0,581.6125,276.34687499999995,388.36,1.0,16.0,11.75,5.375,2.0,5.0,3.0,0.5,105.0,139.0,34.0,115.75,11.9375,105.0,2.58,1.6,2.0175,0.5625,2.58,1.0,1.75,2.0,0.0,4.0,2.5,1.5,0.0,10.0,1.25,2.1875,0.0,0.0,1.0,14.0,13.0,5.5,2.625,4.0,4.0,2.0,1.0,2.0,0.0,0.0,0.0,1.0,4.0,3.0,2.25,0.875,16.5933333333,33.285,23.757395833325,4.411380208343749,25.786875,2.202,1.197625,1.004375,2.202,0.0,70.0,229.0,159.0,138.25,68.25,70.0,1,0,0,1
mp-1079889,ZnAg2SnS4,GGA,kesterita,False,False,False,False,0.0,True,True,True,NM,0.218199999999999,4.633644483182918,0.0422702452065108,2.90636277,189.25842423946412,8,16.0,50.0,34.0,29.75,13.75,16.0,65.0,88.0,78.875,88.0,388.36,1234.93,652.6324999999999,301.160625,388.36,11.0,16.0,14.0,2.0,3.0,5.0,2.0,0.875,105.0,145.0,40.0,121.375,16.375,105.0,2.58,0.9300000000000002,2.22375,0.35625000000000007,2.58,1.0,1.75,2.0,0.0,4.0,2.25,1.75,0.0,10.0,5.0,5.0,0.0,0.0,6.0,14.0,8.0,9.0,3.0,4.0,4.0,1.5,1.125,2.0,0.0,0.0,0.0,0.0,4.0,4.0,1.75,0.8125,13.96,33.285,22.8815625,5.506171874999999,25.786875,2.202,1.101,1.101,2.202,0.0,70.0,225.0,155.0,133.125,63.125,70.0,1,0,0,1
mp-1147586,SrCu2GeS4,GGA,kesterita,False,False,True,False,0.045221895833333,False,True,False,NM,0.7338,4.175366062383344,0.04840022359487,4.85403416,165.28849261035083,8,16.0,38.0,22.0,24.0,8.0,16.0,8.0,88.0,70.875,88.0,388.36,1357.77,816.2975000000001,427.9375,388.36,2.0,16.0,12.75,3.5625,3.0,5.0,2.0,0.625,105.0,195.0,90.0,124.875,21.09375,105.0,2.58,1.6300000000000001,2.135,0.44500000000000006,2.58,1.0,1.75,2.0,0.0,4.0,2.25,1.75,0.0,10.0,3.75,4.6875,0.0,0.0,2.0,14.0,12.0,7.75,3.1875,4.0,4.0,1.5,1.125,2.0,0.0,0.0,0.0,0.0,4.0,4.0,1.75,0.8125,11.07,54.23,25.315312499999997,7.700234374999999,25.786875,2.202,1.1488749999999999,1.053125,2.202,0.0,70.0,225.0,155.0,147.5,77.5,70.0,1,0,0,0
mp-1215696,Zn2InCuS4,GGA,kesterita,False,False,True,False,0.005861585624999,False,True,True,NM,0.7250999999999991,4.340781803511167,0.0478066560380111,3.88948227,167.34071493390337,8,16.0,49.0,33.0,25.25,9.25,16.0,64.0,88.0,78.625,88.0,388.36,1357.77,590.79,242.68999999999997,388.36,11.0,16.0,14.0,2.0,3.0,5.0,2.0,0.625,105.0,142.0,37.0,117.25,12.25,105.0,2.58,0.9300000000000002,2.1625,0.4175000000000001,2.58,1.0,1.875,2.0,0.0,4.0,2.125,1.875,0.0,10.0,5.0,5.0,0.0,0.0,6.0,13.0,7.0,9.0,3.0,5.0,5.0,1.625,1.21875,2.0,0.0,0.0,0.0,0.0,5.0,5.0,1.75,1.0625,11.07,25.786875,20.7996875,5.852265624999999,25.786875,2.202,1.101,1.101,2.202,0.0,70.0,225.0,155.0,129.0,59.0,70.0,1,0,0,1
mp-12532,KAg2PS4,GGA,kesterita,True,False,True,False,0.0,True,True,False,NM,1.2441,3.6503124457238334,0.0424716149934172,2.66010495,188.3610971996221,8,15.0,47.0,32.0,24.0,11.5,16.0,3.0,88.0,71.0,88.0,317.3,1234.93,584.6412500000001,325.1443750000001,388.36,1.0,16.0,12.75,3.8125,3.0,5.0,2.0,0.78125,105.0,203.0,98.0,127.5,27.625,105.0,2.58,1.7600000000000002,2.1487499999999997,0.44156250000000014,2.58,1.0,1.625,2.0,0.0,4.0,2.375,1.78125,0.0,10.0,2.5,3.75,0.0,0.0,1.0,11.0,10.0,6.5,2.25,3.0,3.0,1.375,1.03125,2.0,0.0,0.0,0.0,1.0,3.0,2.0,1.75,0.5625,16.33,73.1066666667,28.9355505952375,11.042779017865627,25.786875,2.202,1.304125,0.97809375,2.202,0.0,2.0,229.0,227.0,120.125,79.65625,70.0,1,0,0,0
mp-19896,Li2GePbS4,GGA,kesterita,False,True,False,True,0.0,True,True,False,NM,2.2649,4.10466786900527,0.0468624494670223,2.76233331,170.71237400063112,8,3.0,82.0,79.0,23.0,17.0,16.0,1.0,88.0,64.25,88.0,388.36,1211.4,534.10375,185.950625,388.36,1.0,16.0,11.75,5.375,2.0,6.0,4.0,0.875,105.0,146.0,41.0,117.75,12.75,105.0,2.58,1.6,2.0775,0.565625,2.58,1.0,1.75,2.0,0.0,4.0,2.5,1.5,0.0,10.0,2.5,3.75,14.0,1.75,1.0,28.0,27.0,8.5,6.25,4.0,4.0,2.0,1.0,2.0,0.0,0.0,0.0,1.0,4.0,3.0,2.25,0.875,16.5933333333,28.11,23.431145833324997,3.5254427083437503,25.786875,2.202,1.1488749999999999,1.053125,2.202,0.0,70.0,229.0,159.0,148.5,78.5,70.0,1,0,0,0
mp-2222834,MgCu2GeS4,GGA,kesterita,False,False,False,False,0.001103299374998,False,True,True,NM,0.6525000000000001,3.706108854275235,0.0506815765108205,4.13752951,157.84828631548194,8,12.0,32.0,20.0,20.75,6.9375,16.0,64.0,88.0,78.375,88.0,388.36,1357.77,800.4225000000001,412.0625,388.36,2.0,16.0,12.75,3.5625,3.0,4.0,1.0,0.46875,105.0,141.0,36.0,118.125,13.125,105.0,2.58,1.27,2.1799999999999997,0.4000000000000001,2.58,1.0,1.75,2.0,0.0,4.0,2.25,1.75,0.0,10.0,3.75,4.6875,0.0,0.0,2.0,14.0,12.0,7.75,3.1875,4.0,4.0,1.5,1.125,2.0,0.0,0.0,0.0,0.0,4.0,4.0,1.75,0.8125,11.07,25.786875,21.3978125,5.163906249999998,25.786875,2.202,1.1488749999999999,1.053125,2.202,0.0,70.0,225.0,155.0,143.625,73.625,70.0,1,0,0,1
mp-629443,Li2EuGeS4,GGA,kesterita,False,False,False,False,0.0,True,True,False,FM,0.2021,3.652472659104569,0.0479802467817627,3.97579744,166.73528246713374,8,3.0,63.0,60.0,20.625,13.4375,16.0,1.0,88.0,57.25,88.0,388.36,1211.4,595.9025,278.64875,388.36,1.0,16.0,10.375,6.53125,2.0,6.0,4.0,0.875,105.0,198.0,93.0,124.25,20.3125,105.0,2.58,1.6,1.934375,0.66453125,2.58,1.0,1.75,2.0,0.0,4.0,2.25,1.75,0.0,10.0,1.25,2.1875,7.0,0.875,1.0,14.0,13.0,6.125,2.6875,4.0,4.0,1.5,1.125,2.0,0.0,0.0,7.0,1.0,7.0,6.0,2.625,1.4375,16.5933333333,36.46,24.474895833325,4.30825520834375,25.786875,2.202,1.1488749999999999,1.053125,2.202,0.0,70.0,229.0,159.0,149.0,79.0,70.0,1,0,0,0
mp-6408,ZnCu2GeS4,GGA,kesterita,False,False,False,False,0.0,True,True,True,NM,0.369399999999999,4.443875003832139,0.0544210935959409,4.37297574,147.001823583286,8,16.0,32.0,16.0,23.0,7.0,16.0,64.0,88.0,78.5,88.0,388.36,1357.77,771.6324999999999,403.010625,388.36,11.0,16.0,14.0,2.0,3.0,4.0,1.0,0.5,105.0,132.0,27.0,115.75,10.75,105.0,2.58,0.9300000000000002,2.2225,0.3575000000000001,2.58,1.0,1.75,2.0,0.0,4.0,2.25,1.75,0.0,10.0,5.0,5.0,0.0,0.0,6.0,14.0,8.0,9.0,3.0,4.0,4.0,1.5,1.125,2.0,0.0,0.0,0.0,0.0,4.0,4.0,1.75,0.8125,11.07,25.786875,20.2815625,6.186171874999999,25.786875,2.202,1.1488749999999999,1.053125,2.202,0.0,70.0,225.0,155.0,143.625,73.625,70.0,1,0,0,1
mp-7394,BaAg2GeS4,GGA,kesterita,False,False,False,False,0.0,True,True,False,NM,0.5960999999999991,4.70604412291684,0.04092755606709,3.38929799,195.46732736462647,8,16.0,56.0,40.0,30.75,14.75,16.0,9.0,88.0,71.25,88.0,388.36,1234.93,779.3375000000001,390.9775,388.36,2.0,16.0,12.75,3.5625,3.0,6.0,3.0,1.0,105.0,215.0,110.0,130.625,28.28125,105.0,2.58,1.69,2.135,0.44500000000000006,2.58,1.0,1.75,2.0,0.0,4.0,2.25,1.75,0.0,10.0,3.75,4.6875,0.0,0.0,2.0,14.0,12.0,7.75,3.1875,4.0,4.0,1.5,1.125,2.0,0.0,0.0,0.0,0.0,4.0,4.0,1.75,0.8125,16.33,63.59,27.800312499999997,8.947421875,25.786875,2.202,1.1488749999999999,1.053125,2.202,0.0,70.0,229.0,159.0,148.0,78.0,70.0,1,0,0,0
mp-9490,KAg2SbS4,GGA,kesterita,False,False,False,False,0.00594227557638,False,True,False,NM,0.569599999999999,3.921085921459203,0.037418023616287,2.1818204,213.800709573496,8,16.0,51.0,35.0,28.5,14.875,16.0,3.0,88.0,71.25,88.0,336.53,1234.93,657.9512500000001,349.9465625,388.36,1.0,16.0,12.75,3.8125,3.0,5.0,2.0,0.875,105.0,203.0,98.0,131.5,26.5,105.0,2.58,1.7600000000000002,2.13125,0.4487500000000001,2.58,1.0,1.625,2.0,0.0,4.0,2.375,1.78125,0.0,10.0,3.75,4.6875,0.0,0.0,1.0,15.0,14.0,7.75,3.4375,3.0,3.0,1.375,1.03125,2.0,0.0,0.0,0.0,1.0,3.0,2.0,1.75,0.5625,16.33,73.1066666667,30.0592708333375,11.13703125000625,25.786875,2.202,1.101,1.101,2.202,0.0,70.0,229.0,159.0,140.625,70.625,70.0,1,0,0,0
mp-1218922,SnTe(PbS)4,GGA,relacionada,False,False,False,False,0.020465665250001,False,True,True,NM,0.5192,7.117011121433152,0.0356163464093066,5.53253168,280.76995560069537,10,16.0,82.0,66.0,49.4,26.720000000000006,16.0,80.0,90.0,84.6,81.0,388.36,722.66,518.3620000000001,106.65799999999999,388.36,14.0,16.0,15.0,1.0,3.0,6.0,3.0,1.28,105.0,146.0,41.0,128.1,18.48,105.0,2.58,0.6200000000000001,2.37,0.168,2.33,2.0,2.0,2.0,2.0,2.0,3.0,1.0,0.0,10.0,6.0,4.8,14.0,5.6,6.0,28.0,22.0,16.6,9.120000000000001,4.0,2.0,3.0,1.0,2.0,0.0,0.0,0.0,2.0,4.0,2.0,3.0,1.0,25.786875,34.7633333333,28.363583333329995,2.264233333327997,25.786875,2.202,0.9272,1.0198399999999999,0.0,0.0,70.0,225.0,155.0,147.3,63.1,70.0,1,0,0,1
mp-1219697,Rb3Ag9(SbS3)4,GGA,kesterita,True,False,True,True,0.002567341904761,False,True,False,NM,1.6418,4.737493367464797,0.0380572509011447,2.47767591,735.7336469922935,28,16.0,51.0,35.0,33.214285714285715,14.755102040816325,16.0,4.0,88.0,71.17857142857143,88.0,312.46,1234.93,725.9710714285713,377.9904336734694,388.36,1.0,16.0,12.642857142857142,3.5510204081632653,3.0,5.0,2.0,0.9795918367346939,105.0,220.0,115.0,135.03571428571428,25.744897959183675,105.0,2.58,1.7600000000000002,2.1067857142857145,0.40561224489795933,2.58,1.0,1.5714285714285714,2.0,0.0,4.0,2.142857142857143,1.836734693877551,0.0,10.0,4.642857142857143,4.974489795918367,0.0,0.0,1.0,15.0,14.0,8.357142857142858,3.596938775510204,3.0,3.0,1.2857142857142858,1.1020408163265307,2.0,0.0,0.0,0.0,1.0,3.0,2.0,1.7142857142857142,0.6122448979591837,16.33,90.7225,30.529285714285713,13.193035714285715,25.786875,2.202,0.9437142857142857,1.0785306122448979,2.202,0.0,70.0,229.0,159.0,150.57142857142858,69.06122448979592,70.0,1,0,0,0
mp-1224211,K3Ag9(SbS3)4,GGA,kesterita,True,False,True,True,0.006626980912704,False,True,False,NM,1.625299999999999,4.544440484270988,0.0390975083875775,2.51974815,716.1581685061146,28,16.0,51.0,35.0,31.285714285714285,15.73469387755102,16.0,3.0,88.0,71.07142857142857,88.0,336.53,1234.93,728.5500000000001,375.5957142857143,388.36,1.0,16.0,12.642857142857142,3.5510204081632653,3.0,5.0,2.0,0.8954081632653061,105.0,203.0,98.0,133.21428571428572,24.183673469387752,105.0,2.58,1.7600000000000002,2.1067857142857145,0.40561224489795933,2.58,1.0,1.5714285714285714,2.0,0.0,4.0,2.142857142857143,1.836734693877551,0.0,10.0,4.642857142857143,4.974489795918367,0.0,0.0,1.0,15.0,14.0,8.357142857142858,3.596938775510204,3.0,3.0,1.2857142857142858,1.1020408163265307,2.0,0.0,0.0,0.0,1.0,3.0,2.0,1.7142857142857142,0.6122448979591837,16.33,73.1066666667,28.64187500000357,10.3619196428625,25.786875,2.202,0.9437142857142857,1.0785306122448979,2.202,0.0,70.0,229.0,159.0,150.57142857142858,69.06122448979592,70.0,1,0,0,0
mp-1226259,Cs3Ag9(SbS3)4,GGA,kesterita,True,False,True,True,0.0,True,True,False,NM,1.5938999999999992,4.873632904496218,0.0366650294408714,2.56909745,763.6704627540192,28,16.0,55.0,39.0,35.142857142857146,16.408163265306122,16.0,5.0,88.0,71.28571428571429,88.0,301.59,1234.93,724.8064285714287,379.07188775510207,388.36,1.0,16.0,12.642857142857142,3.5510204081632653,3.0,6.0,3.0,1.0714285714285714,105.0,244.0,139.0,137.60714285714286,27.948979591836736,105.0,2.58,1.79,2.1035714285714286,0.40836734693877563,2.58,1.0,1.5714285714285714,2.0,0.0,4.0,2.142857142857143,1.836734693877551,0.0,10.0,4.642857142857143,4.974489795918367,0.0,0.0,1.0,15.0,14.0,8.357142857142858,3.596938775510204,3.0,3.0,1.2857142857142858,1.1020408163265307,2.0,0.0,0.0,0.0,1.0,3.0,2.0,1.7142857142857142,0.6122448979591837,16.33,115.765,33.21241071428572,17.689840561224493,25.786875,2.202,0.9437142857142857,1.0785306122448979,2.202,0.0,70.0,229.0,159.0,150.57142857142858,69.06122448979592,70.0,1,0,0,0
mp-1215797,Zn2Cu10Sb4S13,GGA,kesterita,False,False,False,False,0.041917241379308,False,True,False,NM,0.5294000000000001,4.87784590851209,0.0510056303263356,5.05432917,568.5646822607048,29,16.0,51.0,35.0,26.275862068965516,9.212841854934602,16.0,64.0,88.0,78.0,88.0,388.36,1357.77,814.7193103448276,399.08618311533894,388.36,11.0,16.0,13.862068965517242,2.2306777645659928,3.0,5.0,2.0,0.6183115338882282,105.0,139.0,34.0,120.17241379310344,13.602853745541022,105.0,2.58,0.9300000000000002,2.208275862068965,0.33326991676575507,2.58,1.0,1.6551724137931034,2.0,0.0,4.0,2.206896551724138,1.8263971462544593,0.0,10.0,5.517241379310345,4.946492271105826,0.0,0.0,6.0,15.0,9.0,9.379310344827585,3.0297265160523184,3.0,3.0,1.3103448275862069,1.0844233055885848,2.0,0.0,0.0,0.0,0.0,3.0,3.0,1.6551724137931034,0.6801426872770511,11.07,31.56,20.692737068965517,7.565023781212841,25.786875,2.202,0.9871034482758619,1.089217598097503,2.202,0.0,70.0,225.0,155.0,145.24137931034483,67.4577883472057,70.0,1,0,0,0
mp-1222021,Mn2Cu10Sb4S13,GGA,kesterita,False,False,False,False,0.029256882873559,False,True,True,FM,0.0788,4.800371173297119,0.0508328944883382,5.14961112,570.4967283862425,29,16.0,51.0,35.0,25.93103448275862,9.032104637336504,16.0,52.0,88.0,76.82758620689656,88.0,388.36,1519.0,871.7068965517242,433.34549346016644,388.36,7.0,16.0,13.517241379310345,2.6349583828775267,3.0,5.0,2.0,0.6183115338882282,105.0,139.0,34.0,121.34482758620689,14.65398335315101,105.0,2.58,1.03,2.201379310344828,0.3394530321046374,2.58,1.0,1.6551724137931034,2.0,0.0,4.0,2.206896551724138,1.8263971462544593,0.0,10.0,5.172413793103448,4.661117717003567,0.0,0.0,6.0,15.0,9.0,9.03448275862069,3.0011890606420932,3.0,3.0,1.3103448275862069,1.0844233055885848,2.0,5.0,0.3448275862068966,0.0,1.0,5.0,4.0,2.0,0.6896551724137931,10.4875862069,31.56,20.453260255648274,7.845789700274435,25.786875,2.202,0.9871034482758619,1.089217598097503,2.202,0.000310120689655,70.0,225.0,155.0,146.82758620689654,68.87990487514864,70.0,1,0,0,1
mp-1226169,Cu10Hg2Sb4S13,GGA,kesterita,False,False,False,False,0.019692715852495,False,True,False,NM,0.025999999999999,5.458931794384935,0.0491289323567178,4.86764777,590.2835378028437,29,16.0,80.0,64.0,29.724137931034484,12.803804994054698,16.0,64.0,88.0,78.13793103448276,88.0,234.32,1357.77,783.1082758620689,429.60718192627826,388.36,11.0,16.0,13.862068965517242,2.2306777645659928,3.0,6.0,3.0,0.741973840665874,105.0,139.0,34.0,120.86206896551724,14.22116527942925,105.0,2.58,0.6800000000000002,2.232413793103448,0.3116290130796671,2.58,1.0,1.6551724137931034,2.0,0.0,4.0,2.206896551724138,1.8263971462544593,0.0,10.0,5.517241379310345,4.946492271105826,14.0,0.9655172413793104,6.0,26.0,20.0,10.344827586206897,3.895362663495838,3.0,3.0,1.3103448275862069,1.0844233055885848,2.0,0.0,0.0,0.0,0.0,3.0,3.0,1.6551724137931034,0.6801426872770511,11.07,31.56,21.47050163495862,7.172759748247324,25.786875,2.202,0.9871034482758619,1.089217598097503,2.202,0.0,70.0,225.0,155.0,143.31034482758622,65.72651605231867,70.0,1,0,0,0
mp-1227581,Cd2Cu10Sb4S13,GGA,kesterita,False,False,False,False,0.031726729999997,False,True,False,NM,0.3896,4.947433508433204,0.0489766608810745,4.81440867,592.1187659244058,29,16.0,51.0,35.0,27.517241379310345,10.325802615933412,16.0,64.0,88.0,78.06896551724138,88.0,388.36,1357.77,807.9289655172414,405.64237812128414,388.36,11.0,16.0,13.862068965517242,2.2306777645659928,3.0,5.0,2.0,0.6801426872770512,105.0,144.0,39.0,121.6896551724138,14.963139120095125,105.0,2.58,0.8900000000000001,2.211034482758621,0.33079667063020224,2.58,1.0,1.6551724137931034,2.0,0.0,4.0,2.206896551724138,1.8263971462544593,0.0,10.0,5.517241379310345,4.946492271105826,0.0,0.0,6.0,15.0,9.0,9.379310344827585,3.0297265160523184,3.0,3.0,1.3103448275862069,1.0844233055885848,2.0,0.0,0.0,0.0,0.0,3.0,3.0,1.6551724137931034,0.6801426872770511,11.07,31.56,21.07446120689655,7.117485136741974,25.786875,2.202,0.9871034482758619,1.089217598097503,2.202,0.0,70.0,225.0,155.0,145.24137931034483,67.4577883472057,70.0,1,0,0,0
mp-1229020,Al8Zn3CdS16,GGA,relacionada,False,True,False,True,0.010569692678569,False,True,True,NM,2.4821,3.285307612627941,0.0533929825684047,4.03935374,524.4134838155487,28,13.0,48.0,35.0,17.785714285714285,4.775510204081632,16.0,69.0,88.0,81.03571428571429,88.0,388.36,933.47,584.0635714285714,223.6612244897959,388.36,12.0,16.0,14.571428571428571,1.6326530612244898,3.0,5.0,2.0,0.3061224489795917,105.0,144.0,39.0,112.78571428571429,8.89795918367347,105.0,2.58,0.97,2.1714285714285713,0.4669387755102041,2.58,2.0,2.0,2.0,0.0,4.0,2.5714285714285716,1.6326530612244898,0.0,10.0,1.4285714285714286,2.4489795918367347,0.0,0.0,3.0,12.0,9.0,6.0,1.7142857142857142,5.0,5.0,2.5714285714285716,1.3877551020408165,2.0,0.0,0.0,0.0,0.0,5.0,5.0,2.5714285714285716,1.3877551020408165,13.96,25.786875,21.635892857142856,4.743979591836734,25.786875,2.202,1.2582857142857142,1.0785306122448979,2.202,0.0,70.0,225.0,155.0,132.0,70.85714285714286,70.0,1,0,0,1
mp-560831,Na6P4Pb3S16,GGA,relacionada,False,True,False,True,0.0,True,True,False,NM,2.3264,3.332101756006162,0.0416710464059639,2.71783251,695.9268485240042,29,11.0,82.0,71.0,21.655172413793103,12.485136741973841,16.0,2.0,88.0,68.79310344827586,88.0,317.3,600.61,396.8968965517241,42.14753864447085,388.36,1.0,16.0,12.551724137931034,4.780023781212843,3.0,6.0,3.0,0.5564803804994054,105.0,166.0,61.0,122.13793103448276,23.08680142687277,105.0,2.58,1.65,2.1589655172413793,0.5085374554102259,2.58,1.0,1.793103448275862,2.0,0.0,4.0,2.8275862068965516,1.3412604042806184,0.0,10.0,1.0344827586206897,1.8549346016646848,14.0,1.4482758620689655,1.0,28.0,27.0,7.103448275862069,4.3234244946492275,4.0,4.0,1.9310344827586208,0.7990487514863258,2.0,0.0,0.0,0.0,1.0,4.0,3.0,2.1379310344827585,0.623067776456599,22.5702380952,29.2433333333,26.298653530365517,1.5932495328627831,25.786875,2.202,1.4390344827586206,0.8931938168846612,2.202,0.0,2.0,229.0,227.0,109.55172413793103,73.31272294887039,70.0,1,0,0,0
mp-1224229,K10Zn4Sn4S17,GGA,relacionada,False,True,False,True,0.0,True,True,False,NM,2.1377,2.701186557855463,0.0340400964424467,0.95213615,1028.1992020550306,35,16.0,50.0,34.0,22.34285714285714,8.071836734693877,16.0,3.0,88.0,60.628571428571426,88.0,336.53,692.68,421.6702857142857,81.0101551020408,388.36,1.0,16.0,11.028571428571428,5.730612244897959,3.0,5.0,2.0,0.6106122448979593,105.0,203.0,98.0,138.82857142857142,36.708571428571425,105.0,2.58,1.7600000000000002,1.9,0.6742857142857144,2.58,1.0,1.7142857142857142,2.0,0.0,4.0,2.1714285714285713,1.7763265306122449,0.0,10.0,2.2857142857142856,3.5265306122448976,0.0,0.0,1.0,14.0,13.0,6.171428571428572,3.1216326530612246,4.0,4.0,1.4285714285714286,1.1428571428571428,2.0,0.0,0.0,0.0,0.0,4.0,4.0,1.7142857142857142,0.8,13.96,73.1066666667,38.81210119048571,19.596894557836734,25.786875,2.202,1.0695428571428571,1.100101224489796,2.202,0.0,70.0,229.0,159.0,137.71428571428572,65.77959183673471,70.0,1,0,0,0
mp-1079541,ZnCu2SnS4,GGA,kesterita,False,False,False,False,0.0,True,True,True,NM,0.094399999999999,4.607265294297925,0.0505072692041353,4.69880199,158.3930417553635,8,16.0,50.0,34.0,25.25,9.25,16.0,64.0,88.0,78.625,88.0,388.36,1357.77,683.3425,339.548125,388.36,11.0,16.0,14.0,2.0,3.0,5.0,2.0,0.625,105.0,139.0,34.0,118.125,13.125,105.0,2.58,0.9300000000000002,2.21625,0.3637500000000001,2.58,1.0,1.75,2.0,0.0,4.0,2.25,1.75,0.0,10.0,5.0,5.0,0.0,0.0,6.0,14.0,8.0,9.0,3.0,4.0,4.0,1.5,1.125,2.0,0.0,0.0,0.0,0.0,4.0,4.0,1.75,0.8125,11.07,33.285,21.566562499999996,7.1499218749999995,25.786875,2.202,1.101,1.101,2.202,0.0,70.0,225.0,155.0,133.125,63.125,70.0,1,0,0,1
mp-11175,LiZnPS4,GGA,kesterita,False,False,False,True,0.0,True,True,False,NM,2.731199999999999,2.497266967183973,0.0454575275351737,1.76933536,153.98989737362206,7,3.0,30.0,27.0,16.0,4.0,16.0,1.0,88.0,72.14285714285714,88.0,317.3,692.68,431.01571428571424,81.23959183673466,388.36,1.0,16.0,13.142857142857142,3.795918367346939,2.0,4.0,2.0,0.2857142857142857,105.0,128.0,23.0,111.0,8.0,105.0,2.58,1.6,2.162857142857143,0.48448979591836744,2.58,1.0,1.8571428571428572,2.0,0.0,4.0,2.7142857142857144,1.5510204081632655,0.0,10.0,1.4285714285714286,2.4489795918367347,0.0,0.0,1.0,12.0,11.0,6.0,1.7142857142857142,3.0,3.0,1.5714285714285714,0.8979591836734694,2.0,0.0,0.0,0.0,0.0,3.0,3.0,1.7142857142857142,0.6938775510204083,13.96,25.786875,22.3244387755,4.027298347914285,25.786875,2.202,1.4904285714285714,0.8516734693877551,2.202,0.0,2.0,229.0,227.0,100.71428571428571,63.306122448979586,70.0,1,0,0,0
mp-1215558,ZnAg2GeS4,GGA,kesterita,False,False,True,False,0.0,True,True,True,NM,0.9342,4.5236130059032345,0.0452104042892726,2.47888809,176.95041939490488,8,16.0,47.0,31.0,27.5,11.5,16.0,65.0,88.0,78.75,88.0,388.36,1234.93,740.9225000000001,364.6231250000001,388.36,11.0,16.0,14.0,2.0,3.0,5.0,2.0,0.75,105.0,145.0,40.0,119.0,14.0,105.0,2.58,0.9300000000000002,2.23,0.3500000000000001,2.58,1.0,1.75,2.0,0.0,4.0,2.25,1.75,0.0,10.0,5.0,5.0,0.0,0.0,6.0,14.0,8.0,9.0,3.0,4.0,4.0,1.5,1.125,2.0,0.0,0.0,0.0,0.0,4.0,4.0,1.75,0.8125,13.96,25.786875,21.596562499999997,4.5424218750000005,25.786875,2.202,1.1488749999999999,1.053125,2.202,0.0,70.0,225.0,155.0,143.625,73.625,70.0,1,0,0,1
mp-1223852,InGa(AgS2)2,GGA,kesterita,False,False,False,False,0.001019741875001,False,True,True,NM,0.6488,4.646689907511782,0.0423554067519576,2.82858819,188.87789336671275,8,16.0,49.0,33.0,29.75,13.75,16.0,65.0,88.0,78.875,88.0,302.91,1234.93,594.4950000000001,320.2175000000001,388.36,11.0,16.0,14.0,2.0,3.0,5.0,2.0,0.875,105.0,145.0,40.0,121.75,16.75,105.0,2.58,0.8,2.22125,0.35875,2.58,1.0,1.75,2.0,0.0,4.0,2.25,1.75,0.0,10.0,5.0,5.0,0.0,0.0,6.0,13.0,7.0,9.0,3.0,5.0,5.0,2.25,1.375,2.0,0.0,0.0,0.0,1.0,5.0,4.0,2.5,1.25,16.33,25.786875,22.365625,3.8948437499999993,25.786875,2.202,1.101,1.101,2.202,0.0,64.0,225.0,161.0,116.625,59.78125,70.0,1,0,0,1
mp-1223929,InCuGeS4,GGA,kesterita,True,False,True,False,0.0,True,True,True,NM,1.1346,3.927119866219554,0.0436497216628985,3.81117418,160.36757471353764,7,16.0,49.0,33.0,24.857142857142858,10.122448979591837,16.0,64.0,88.0,81.42857142857143,88.0,388.36,1357.77,650.3371428571429,362.4273469387755,388.36,11.0,16.0,14.571428571428571,1.6326530612244898,3.0,5.0,2.0,0.6530612244897959,105.0,142.0,37.0,116.28571428571429,12.89795918367347,105.0,2.58,0.8,2.287142857142857,0.3346938775510205,2.58,1.0,1.8571428571428572,2.0,0.0,4.0,2.7142857142857144,1.4693877551020407,0.0,10.0,4.285714285714286,4.8979591836734695,0.0,0.0,6.0,14.0,8.0,8.857142857142858,3.2653061224489797,5.0,5.0,2.4285714285714284,1.1836734693877549,2.0,0.0,0.0,0.0,1.0,5.0,4.0,2.5714285714285716,1.1020408163265307,11.07,25.786875,23.068928571428568,3.446530612244899,25.786875,2.202,1.313,1.016,2.202,0.0,70.0,225.0,155.0,124.14285714285714,61.877551020408156,70.0,1,0,0,1
mp-1224138,In2CuAgS4,GGA,kesterita,False,False,False,False,0.005571902499999,False,True,True,NM,0.0448,4.677356908847744,0.0425726943475848,4.1841905,187.91387584454915,8,16.0,49.0,33.0,29.75,13.9375,16.0,64.0,88.0,78.875,88.0,388.36,1357.77,625.7049999999999,335.3225,388.36,11.0,16.0,14.0,2.0,3.0,5.0,2.0,0.875,105.0,145.0,40.0,122.625,17.625,105.0,2.58,0.8,2.21375,0.3662500000000001,2.58,1.0,1.75,2.0,0.0,4.0,2.25,1.75,0.0,10.0,5.0,5.0,0.0,0.0,6.0,13.0,7.0,9.0,3.0,5.0,5.0,2.25,1.375,2.0,0.0,0.0,0.0,1.0,5.0,4.0,2.5,1.25,11.07,25.786875,22.3834375,4.34171875,25.786875,2.202,1.101,1.101,2.202,0.0,70.0,225.0,155.0,126.0,56.0,70.0,1,0,0,1
mp-1224814,Ga2CuAgS4,GGA,kesterita,False,False,True,False,0.013073337499999,False,True,True,NM,0.717699999999999,4.436286597151719,0.0486717620350537,3.41197047,164.36635259348813,8,16.0,47.0,31.0,25.25,9.25,16.0,64.0,88.0,78.625,88.0,302.91,1357.77,593.9950000000001,351.17750000000007,388.36,11.0,16.0,14.0,2.0,3.0,5.0,2.0,0.625,105.0,145.0,40.0,117.625,12.625,105.0,2.58,0.77,2.22125,0.35875,2.58,1.0,1.75,2.0,0.0,4.0,2.25,1.75,0.0,10.0,5.0,5.0,0.0,0.0,6.0,13.0,7.0,9.0,3.0,5.0,5.0,2.25,1.375,2.0,0.0,0.0,0.0,1.0,5.0,4.0,2.5,1.25,11.07,25.786875,21.0328125,4.754062499999999,25.786875,2.202,1.101,1.101,2.202,0.0,64.0,225.0,161.0,107.25,58.875,70.0,1,0,0,1
mp-1228824,AlZnGaS4,GGA,kesterita,False,False,False,True,0.003774758928573,False,True,True,NM,2.7802,3.197086704335698,0.046413713792381,4.95545876,150.8174939698332,7,13.0,31.0,18.0,19.714285714285715,6.163265306122449,16.0,69.0,88.0,81.14285714285714,88.0,302.91,933.47,497.5,180.32857142857142,388.36,12.0,16.0,14.571428571428571,1.6326530612244898,3.0,4.0,1.0,0.4081632653061224,105.0,122.0,17.0,112.14285714285714,8.16326530612245,105.0,2.58,0.97,2.198571428571429,0.4359183673469388,2.58,2.0,2.0,2.0,0.0,4.0,2.5714285714285716,1.6326530612244898,0.0,10.0,2.857142857142857,4.081632653061225,0.0,0.0,3.0,13.0,10.0,7.428571428571429,2.897959183673469,5.0,5.0,2.5714285714285716,1.3877551020408165,2.0,0.0,0.0,0.0,0.0,5.0,5.0,2.5714285714285716,1.3877551020408165,13.96,25.786875,21.77785714285714,4.58173469387755,25.786875,2.202,1.2582857142857142,1.0785306122448979,2.202,0.0,64.0,225.0,161.0,109.0,57.42857142857143,70.0,1,0,0,1
mp-1228907,AlGa(CuS2)2,GGA,kesterita,True,False,True,False,0.001452938124998,False,True,True,NM,1.1429,3.859674066956857,0.0528176539356984,5.72767135,151.4645086231851,8,13.0,31.0,18.0,20.75,6.6875,16.0,64.0,88.0,78.375,88.0,302.91,1357.77,688.1700000000001,396.125,388.36,11.0,16.0,14.0,2.0,3.0,4.0,1.0,0.46875,105.0,132.0,27.0,115.875,10.875,105.0,2.58,0.97,2.1925,0.38750000000000007,2.58,1.0,1.75,2.0,0.0,4.0,2.25,1.75,0.0,10.0,3.75,4.6875,0.0,0.0,3.0,13.0,10.0,7.75,2.9375,5.0,5.0,2.25,1.375,2.0,0.0,0.0,0.0,1.0,5.0,4.0,2.5,1.25,11.07,25.786875,20.078125,5.708749999999998,25.786875,2.202,1.101,1.101,2.202,0.0,64.0,225.0,161.0,127.375,73.21875,70.0,1,0,0,1
mp-1228935,AlIn(AgS2)2,GGA,kesterita,True,False,True,False,0.001991401249998,False,True,True,NM,1.0686,4.297734585710501,0.042621291084154,2.925157549999999,187.699616705752,8,13.0,49.0,36.0,27.5,15.125,16.0,65.0,88.0,78.75,88.0,388.36,1234.93,673.315,345.84625000000005,388.36,11.0,16.0,14.0,2.0,3.0,5.0,2.0,0.9375,105.0,145.0,40.0,121.625,16.78125,105.0,2.58,0.97,2.19625,0.38375000000000004,2.58,1.0,1.75,2.0,0.0,4.0,2.25,1.75,0.0,10.0,3.75,4.6875,0.0,0.0,3.0,13.0,10.0,7.75,2.9375,5.0,5.0,2.25,1.375,2.0,0.0,0.0,0.0,1.0,5.0,4.0,2.5,1.25,16.33,25.786875,22.0684375,4.266328124999999,25.786875,2.202,1.101,1.101,2.202,0.0,70.0,225.0,155.0,136.75,66.75,70.0,1,0,0,1
mp-1229077,AlIn(CuS2)2,GGA,kesterita,False,False,True,False,0.006313456249999,False,True,True,NM,0.7319999999999991,4.059538012329766,0.0492448991645807,4.89467143,162.45337356186482,8,13.0,49.0,36.0,23.0,9.5,16.0,64.0,88.0,78.5,88.0,388.36,1357.77,704.0250000000001,384.23375,388.36,11.0,16.0,14.0,2.0,3.0,5.0,2.0,0.625,105.0,142.0,37.0,118.375,13.375,105.0,2.58,0.97,2.1887499999999998,0.39125000000000004,2.58,1.0,1.75,2.0,0.0,4.0,2.25,1.75,0.0,10.0,3.75,4.6875,0.0,0.0,3.0,13.0,10.0,7.75,2.9375,5.0,5.0,2.25,1.375,2.0,0.0,0.0,0.0,1.0,5.0,4.0,2.5,1.25,11.07,25.786875,20.7534375,5.910078124999999,25.786875,2.202,1.101,1.101,2.202,0.0,70.0,225.0,155.0,136.75,66.75,70.0,1,0,0,1
mp-1228699,Al4InCuS8,GGA,relacionada,True,False,True,False,0.034750933392849,False,True,False,NM,1.1498,3.4100488404894262,0.0529653167671072,5.56364018,264.3239171316417,14,13.0,49.0,36.0,18.428571428571427,5.877551020408162,16.0,64.0,88.0,81.07142857142857,88.0,388.36,1357.77,616.3057142857142,287.1602040816326,388.36,11.0,16.0,14.571428571428571,1.6326530612244898,3.0,5.0,2.0,0.3673469387755103,105.0,142.0,37.0,114.14285714285714,10.448979591836734,105.0,2.58,0.97,2.197142857142857,0.4375510204081633,2.58,1.0,1.9285714285714286,2.0,0.0,4.0,2.642857142857143,1.5510204081632655,0.0,10.0,1.4285714285714286,2.4489795918367347,0.0,0.0,3.0,13.0,10.0,6.0,1.7142857142857142,5.0,5.0,2.9285714285714284,1.4795918367346939,2.0,0.0,0.0,0.0,1.0,5.0,4.0,3.0,1.4285714285714286,11.07,25.786875,21.967499999999998,4.6925,25.786875,2.202,1.2582857142857142,1.0785306122448979,2.202,0.0,70.0,225.0,155.0,130.28571428571428,68.89795918367346,70.0,1,0,0,0
mp-1228975,Al2Cr3CuS8,GGA,relacionada,False,False,False,False,0.0,True,True,False,FM,0.1357,3.548046548801847,0.0564388477303328,5.20893635,248.05609191194992,14,13.0,29.0,16.0,18.214285714285715,4.020408163265307,16.0,49.0,88.0,75.78571428571429,88.0,388.36,2180.0,919.3992857142857,606.9020408163266,388.36,6.0,16.0,13.071428571428571,3.3469387755102042,3.0,4.0,1.0,0.4081632653061224,105.0,139.0,34.0,116.5,13.142857142857142,105.0,2.58,0.97,2.1957142857142857,0.4391836734693878,2.58,1.0,1.7142857142857142,2.0,0.0,4.0,2.4285714285714284,1.795918367346939,0.0,10.0,1.7857142857142858,2.5510204081632653,0.0,0.0,3.0,11.0,8.0,5.928571428571429,0.8367346938775508,5.0,5.0,1.8571428571428572,1.0612244897959184,2.0,5.0,1.0714285714285714,0.0,1.0,6.0,5.0,3.2142857142857144,1.7040816326530612,11.07,25.786875,20.278214285714284,6.295612244897959,25.786875,2.202,1.2582857142857142,1.0785306122448979,2.202,0.0,70.0,229.0,159.0,137.28571428571428,76.89795918367346,70.0,1,0,0,0
mp-1246349,MgVCr3S8,GGA,relacionada,False,False,False,False,0.021296330500001,False,True,False,FM,0.480699999999999,3.289432672420325,0.0527975420332409,4.53078186,246.2235835110521,13,12.0,24.0,12.0,18.076923076923077,3.4911242603550297,16.0,46.0,88.0,74.23076923076923,88.0,388.36,2183.0,980.9907692307693,738.313372781065,388.36,2.0,16.0,11.76923076923077,5.207100591715976,3.0,4.0,1.0,0.4260355029585798,105.0,153.0,48.0,119.3076923076923,17.6094674556213,105.0,2.58,1.27,2.196923076923077,0.47147928994082844,2.58,1.0,1.7692307692307692,2.0,0.0,4.0,2.4615384615384617,1.893491124260355,0.0,5.0,1.3846153846153846,1.9171597633136095,0.0,0.0,2.0,6.0,4.0,5.615384615384615,0.6508875739644974,2.0,2.0,1.2307692307692308,0.9467455621301775,2.0,7.0,1.6923076923076923,0.0,0.0,7.0,7.0,3.1538461538461537,1.905325443786982,11.19,25.786875,21.212692307692308,5.887810650887573,25.786875,2.202,1.355076923076923,1.0423668639053254,2.202,0.0,70.0,229.0,159.0,128.46153846153845,71.95266272189349,70.0,1,0,0,0
mp-1215439,ZnGaPSe,GGA,relacionada,True,False,True,False,0.0306990025,False,True,True,NM,1.2159,4.587516661432909,0.0450926655083567,2.514194,88.70622206306925,4,15.0,34.0,19.0,27.5,6.25,15.0,69.0,89.0,78.75,69.0,302.91,692.68,451.72249999999997,141.61749999999998,302.91,12.0,16.0,14.0,1.5,3.0,4.0,1.0,0.375,107.0,122.0,15.0,117.75,5.375,107.0,2.55,0.8999999999999999,2.05,0.31999999999999995,1.65,2.0,2.0,2.0,0.0,4.0,2.0,1.5,0.0,10.0,7.5,3.75,0.0,0.0,5.0,16.0,11.0,11.5,3.25,5.0,5.0,2.5,1.5,0.0,0.0,0.0,0.0,0.0,5.0,5.0,2.5,1.5,13.96,25.92,20.326934523800002,3.9181845238,13.96,1.625,0.606,0.606,0.0,0.0,2.0,194.0,192.0,68.5,62.75,2.0,1,0,0,1
mp-1215445,ZnGaAsSe,GGA,relacionada,False,False,False,False,0.024598177500001,False,True,True,NM,0.5764,5.068686637454249,0.0422462394982507,2.17452631,94.6829835627292,4,30.0,34.0,4.0,32.0,1.5,30.0,69.0,89.0,79.0,69.0,302.91,1090.0,644.8975,246.4425,302.91,12.0,16.0,14.0,1.5,4.0,4.0,0.0,0.0,119.0,122.0,3.0,120.75,1.25,119.0,2.55,0.8999999999999999,2.0475000000000003,0.3175,1.65,2.0,2.0,2.0,0.0,4.0,2.0,1.5,10.0,10.0,10.0,0.0,0.0,0.0,12.0,16.0,4.0,14.0,1.5,5.0,5.0,2.5,1.5,0.0,0.0,0.0,0.0,0.0,5.0,5.0,2.5,1.5,13.96,25.92,20.228125000000002,3.819375,13.96,0.799,0.19975,0.29962500000000003,0.0,0.0,14.0,194.0,180.0,109.5,70.5,14.0,1,0,0,1
mp-1216358,VCu3Te3Se,GGA,relacionada,False,False,False,False,0.002574992812501,False,True,False,NM,0.503599999999999,5.915042935210463,0.0405166735775151,4.5519028,197.4495755357277,8,23.0,52.0,29.0,37.5,10.875,29.0,46.0,90.0,74.625,64.0,494.0,2183.0,1114.7862499999999,449.29125,722.66,5.0,16.0,12.75,3.25,4.0,5.0,1.0,0.46875,120.0,153.0,33.0,135.375,6.375,132.0,2.55,0.9199999999999999,2.0225,0.19000000000000006,1.9,1.0,1.625,1.0,0.0,4.0,2.0,2.0,3.0,10.0,9.125,1.53125,0.0,0.0,5.0,16.0,11.0,12.75,3.25,2.0,2.0,1.0,1.0,0.0,7.0,0.875,0.0,1.0,7.0,6.0,2.25,1.1875,11.07,34.7633333333,22.053749999987502,10.4987499999875,11.07,0.799,0.27387500000000004,0.27387500000000004,0.0,0.0,14.0,229.0,215.0,171.75,54.25,152.0,1,0,0,0
mp-1218892,SnTePbSe,GGA,relacionada,False,False,False,False,0.013198344999999,False,True,False,NM,0.2205,6.980572598268687,0.0315796125879019,5.44229912,126.66399845362211,4,34.0,82.0,48.0,54.5,13.75,34.0,80.0,90.0,85.0,80.0,494.0,722.66,580.5875,81.0475,494.0,14.0,16.0,15.0,1.0,4.0,6.0,2.0,0.5,120.0,146.0,26.0,135.75,7.875,120.0,2.55,0.5899999999999999,2.2350000000000003,0.20499999999999996,1.96,2.0,2.0,2.0,2.0,2.0,3.0,1.0,10.0,10.0,10.0,0.0,14.0,3.5,14.0,28.0,14.0,18.5,4.75,4.0,2.0,3.0,1.0,2.0,0.0,0.0,0.0,2.0,4.0,2.0,3.0,1.0,25.92,34.7633333333,30.519583333325,3.504583333324998,25.92,0.799,0.31575000000000003,0.31575000000000003,0.0,0.0,14.0,225.0,211.0,133.0,59.5,14.0,1,0,0,0
mp-1218953,SnGe4Te4Se,GGA,relacionada,False,False,False,False,0.0,True,True,False,NM,0.6132999999999991,5.915816949317668,0.0356747568083237,5.43366062,280.3102500103596,10,32.0,52.0,20.0,42.0,9.6,32.0,79.0,90.0,84.5,79.0,494.0,1211.4,873.5319999999999,270.29440000000005,722.66,14.0,16.0,15.0,1.0,4.0,5.0,1.0,0.5,120.0,139.0,19.0,129.1,9.1,120.0,2.55,0.5899999999999999,2.0949999999999998,0.09500000000000011,2.01,2.0,2.0,2.0,2.0,2.0,3.0,1.0,10.0,10.0,10.0,0.0,0.0,0.0,14.0,16.0,2.0,15.0,1.0,4.0,2.0,3.0,1.0,2.0,0.0,0.0,0.0,2.0,4.0,2.0,3.0,1.0,23.005,34.7633333333,29.02783333332,5.439833333319998,23.005,0.799,0.4187,0.11230000000000002,0.383,0.0,14.0,225.0,211.0,166.3,46.96,152.0,1,0,0,0
mp-1219030,Sn4GeTe4Se,GGA,relacionada,False,False,False,False,0.009220621062498,False,True,False,NM,0.396499999999999,6.090139313050948,0.0322610712183568,5.89115919,309.9711082845227,10,32.0,52.0,20.0,47.4,5.760000000000001,50.0,79.0,90.0,84.8,80.0,494.0,1211.4,661.6360000000001,158.772,505.08,14.0,16.0,15.0,1.0,4.0,5.0,1.0,0.3200000000000001,120.0,139.0,19.0,134.8,5.919999999999993,138.0,2.55,0.5899999999999999,2.08,0.11000000000000006,1.96,2.0,2.0,2.0,2.0,2.0,3.0,1.0,10.0,10.0,10.0,0.0,0.0,0.0,14.0,16.0,2.0,15.0,1.0,4.0,2.0,3.0,1.0,2.0,0.0,0.0,0.0,2.0,4.0,2.0,3.0,1.0,23.005,34.7633333333,32.11183333332,3.0597333333279972,33.285,0.799,0.30379999999999996,0.24304000000000006,0.0,0.0,14.0,225.0,211.0,141.1,25.5,141.0,1,0,0,0
mp-1226806,CdGa4As4Se,GGA,relacionada,False,False,False,False,0.0261399085,False,True,True,NM,0.042199999999999,5.13958772695003,0.040199162114754,2.32323923,248.76140381865704,10,31.0,48.0,17.0,33.8,2.879999999999998,31.0,70.0,89.0,79.1,74.0,302.91,1090.0,665.9860000000001,339.2112,302.91,12.0,16.0,14.0,1.2,4.0,5.0,1.0,0.17999999999999972,119.0,144.0,25.0,122.8,4.2399999999999975,119.0,2.55,0.8599999999999999,2.02,0.23400000000000004,1.81,2.0,2.0,2.0,0.0,4.0,2.0,1.2,10.0,10.0,10.0,0.0,0.0,0.0,12.0,16.0,4.0,14.0,1.2,5.0,5.0,3.4,1.28,3.0,0.0,0.0,0.0,0.0,5.0,5.0,3.4,1.28,18.8575,25.92,20.954500000000003,1.9694999999999996,18.8575,0.799,0.0799,0.14382,0.0,0.0,14.0,194.0,180.0,112.8,58.8,64.0,1,0,0,1
mp-637206,AlBiSeCl4,GGA,kesterita,False,True,False,True,0.0,True,True,False,NM,2.542399999999999,3.5376926968141813,0.0326516974432715,0.1107556,857.5358156692063,28,13.0,83.0,70.0,28.285714285714285,17.26530612244898,17.0,73.0,94.0,89.14285714285714,94.0,171.6,933.47,379.7528571428571,237.88897959183674,171.6,13.0,17.0,16.0,1.1428571428571428,3.0,6.0,3.0,0.816326530612245,102.0,148.0,46.0,113.85714285714286,13.551020408163266,102.0,3.16,1.55,2.6885714285714286,0.5387755102040818,3.16,2.0,2.0,2.0,1.0,4.0,4.0,1.1428571428571428,0.0,10.0,2.857142857142857,4.081632653061225,14.0,2.0,3.0,29.0,26.0,10.857142857142858,6.653061224489796,5.0,4.0,2.0,1.1428571428571428,1.0,0.0,0.0,0.0,1.0,5.0,4.0,2.0,1.1428571428571428,16.48,32.95,24.762857142857143,2.6697959183673485,24.4975,2.493,1.5387142857142855,1.0906122448979592,2.493,0.0,12.0,225.0,213.0,72.42857142857143,43.59183673469388,64.0,1,0,0,0
mp-866695,ReTeSeCl4,GGA,kesterita,False,True,False,True,0.0,True,True,False,NM,2.3069,4.118123942574492,0.032474050496776,0.61229772,862.2269033787384,28,17.0,75.0,58.0,32.714285714285715,17.95918367346939,17.0,54.0,94.0,87.0,94.0,171.6,3459.0,766.0085714285714,769.4261224489795,171.6,7.0,17.0,15.285714285714286,2.3673469387755097,3.0,6.0,3.0,0.979591836734694,102.0,151.0,49.0,116.71428571428571,16.816326530612244,102.0,3.16,1.2600000000000002,2.7414285714285715,0.4783673469387756,3.16,2.0,2.0,2.0,0.0,5.0,4.0,1.1428571428571428,0.0,10.0,3.5714285714285716,4.081632653061225,14.0,2.0,7.0,21.0,14.0,11.571428571428571,5.224489795918367,2.0,2.0,1.1428571428571428,0.4897959183673469,1.0,5.0,0.7142857142857143,0.0,1.0,5.0,4.0,1.8571428571428572,0.979591836734694,14.655,34.7633333333,24.761190476185714,3.1888435374081636,24.4975,2.493,1.605,1.0148571428571427,2.493,0.0,14.0,194.0,180.0,88.0,48.57142857142857,64.0,1,0,0,0
mp-1221565,MnTlCuSe2,GGA,kesterita,False,False,False,False,0.0,True,True,False,FM,0.0054,6.885717689145439,0.0431238068173214,4.5684329,115.9452369588034,5,25.0,81.0,56.0,40.6,16.16,34.0,52.0,89.0,74.0,89.0,494.0,1519.0,888.354,440.02479999999997,494.0,7.0,16.0,12.6,2.88,4.0,6.0,2.0,0.6400000000000002,120.0,145.0,25.0,131.2,8.960000000000003,120.0,2.55,0.9999999999999998,2.034,0.41279999999999983,2.55,1.0,1.8,2.0,0.0,4.0,1.8,1.7600000000000002,5.0,10.0,9.0,1.6,14.0,2.8,7.0,27.0,20.0,15.4,5.119999999999999,5.0,5.0,1.8,1.44,2.0,5.0,1.0,0.0,1.0,5.0,4.0,3.0,1.6,10.4875862069,26.91,20.06151724138,7.426179310344,25.92,0.799,0.3196,0.38352,0.799,0.000310120689655,14.0,225.0,211.0,132.8,95.03999999999999,14.0,1,0,0,0
mp-1223937,In2CuAsSe2,GGA,kesterita,False,False,False,False,0.010255737499999,False,True,True,NM,0.0054,5.419845249616991,0.0372292091098842,3.95627893,161.1637782121729,6,29.0,49.0,20.0,38.0,7.333333333333333,34.0,64.0,89.0,79.33333333333333,75.0,429.75,1357.77,715.8783333333334,338.67111111111114,429.75,11.0,16.0,14.0,1.6666666666666667,4.0,5.0,1.0,0.44444444444444436,119.0,142.0,23.0,129.16666666666666,9.5,120.0,2.55,0.7699999999999998,2.1233333333333335,0.3033333333333333,1.78,1.0,1.8333333333333333,2.0,0.0,4.0,2.1666666666666665,1.5,10.0,10.0,10.0,0.0,0.0,0.0,11.0,16.0,5.0,14.0,1.6666666666666667,5.0,5.0,2.8333333333333335,1.5,2.0,0.0,0.0,0.0,1.0,5.0,4.0,3.0,1.3333333333333333,11.07,25.92,22.267500000000002,3.7633333333333336,24.26,0.799,0.26633333333333337,0.3551111111111111,0.0,0.0,14.0,225.0,211.0,116.16666666666667,68.1111111111111,14.0,1,0,0,1
mp-558555,LiFe(SeO3)2,GGA+U,relacionada,False,False,False,True,0.0,True,True,True,FM,2.6596,3.519512384208408,0.0669240238216649,0.11209862,597.6926926358993,40,3.0,34.0,31.0,14.5,10.1,8.0,1.0,89.0,75.6,87.0,54.8,1811.0,358.149,364.0188,54.8,1.0,16.0,13.7,3.6800000000000006,2.0,4.0,2.0,0.8400000000000001,66.0,132.0,66.0,89.6,28.32,66.0,3.44,2.46,2.855,0.702,3.44,1.0,1.9,2.0,0.0,4.0,3.2,1.2799999999999998,0.0,10.0,2.6,3.6400000000000006,0.0,0.0,1.0,16.0,15.0,7.7,3.3800000000000003,2.0,2.0,1.6,0.6399999999999999,2.0,4.0,0.4,0.0,1.0,4.0,3.0,2.1,0.38000000000000006,9.105,25.92,13.37933333333,5.659066666662,9.105,0.799,0.1598,0.25568,0.0,2.1106628,12.0,229.0,217.0,55.8,69.28,12.0,0,1,0,1
mp-1227440,Bi2Sb2(TeSe)3,GGA,relacionada,False,False,False,False,0.003714714000002,False,True,True,NM,0.324099999999999,6.655946703124841,0.0312865082596404,4.77751987,319.62659166091686,10,34.0,83.0,49.0,52.6,12.160000000000002,34.0,85.0,90.0,87.9,89.0,494.0,903.78,654.634,140.474,494.0,15.0,16.0,15.6,0.4800000000000001,4.0,6.0,2.0,0.5399999999999998,120.0,148.0,28.0,134.8,8.879999999999995,120.0,2.55,0.5299999999999998,2.209,0.20459999999999998,2.1,2.0,2.0,2.0,3.0,1.0,3.6,0.48,10.0,10.0,10.0,0.0,14.0,2.8,15.0,29.0,14.0,18.4,4.239999999999999,3.0,1.0,2.4,0.48,2.0,0.0,0.0,0.0,2.0,3.0,1.0,2.4,0.48,25.92,34.7633333333,31.106999999990002,3.112199999993998,25.92,0.799,0.37890000000000007,0.30312,0.464,0.0,12.0,166.0,154.0,85.4,72.2,14.0,1,0,0,1
mp-1078676,Tl2SnHgSe4,GGA,kesterita,False,False,False,False,0.002753682656249,False,True,False,NM,0.5701,7.180729472948215,0.0331396419262173,3.22435657,241.4027290280123,8,34.0,81.0,47.0,53.5,20.375,34.0,71.0,89.0,82.375,89.0,234.32,577.0,483.67499999999995,62.33875000000003,494.0,12.0,16.0,14.5,1.5,4.0,6.0,2.0,0.875,120.0,145.0,25.0,130.125,10.125,120.0,2.55,0.9299999999999997,2.175,0.3749999999999999,2.55,2.0,2.0,2.0,0.0,4.0,2.5,1.5,10.0,10.0,10.0,0.0,14.0,5.25,14.0,27.0,13.0,19.75,5.1875,5.0,5.0,2.75,1.4375,2.0,0.0,0.0,0.0,0.0,5.0,5.0,2.75,1.4375,25.2375862069,33.285,27.0028232758625,1.5705441810343737,25.92,0.799,0.3995,0.3995,0.799,0.0,14.0,194.0,180.0,93.875,79.875,14.0,1,0,0,0
mp-1079426,Tl2SiHgSe4,GGA,kesterita,False,False,True,False,0.021743403749997,False,True,False,NM,0.942099999999999,6.871395708137712,0.034726771591633,2.69862584,230.3698165229816,8,14.0,81.0,67.0,49.0,23.75,34.0,71.0,89.0,82.125,89.0,234.32,1687.0,631.415,263.89625,494.0,12.0,16.0,14.5,1.5,3.0,6.0,3.0,1.03125,111.0,145.0,34.0,126.625,10.53125,120.0,2.55,0.9299999999999997,2.1675,0.3824999999999999,2.55,2.0,2.0,2.0,0.0,4.0,2.5,1.5,0.0,10.0,8.75,2.1875,14.0,5.25,4.0,27.0,23.0,18.5,6.125,5.0,5.0,2.75,1.4375,2.0,0.0,0.0,0.0,0.0,5.0,5.0,2.75,1.4375,20.44,26.91,25.3971982758625,1.2792025862062504,25.92,0.799,0.49612500000000004,0.37209375,0.799,0.0,14.0,227.0,213.0,104.625,90.625,14.0,1,0,0,0
mp-1079645,K2CdSnSe4,GGA,kesterita,True,False,True,True,0.0,True,True,False,NM,1.6721,4.277105708118633,0.032961074300101,1.3471954,242.7105356810374,8,19.0,50.0,31.0,34.0,7.5,34.0,3.0,89.0,64.0,89.0,336.53,594.22,468.54499999999996,66.00750000000002,494.0,1.0,16.0,11.5,5.25,4.0,5.0,1.0,0.375,120.0,203.0,83.0,146.125,28.4375,120.0,2.55,1.73,1.9362499999999998,0.6196875,2.55,1.0,1.75,2.0,0.0,4.0,2.25,1.75,0.0,10.0,7.5,3.75,0.0,0.0,1.0,16.0,15.0,11.5,5.25,4.0,4.0,1.5,1.125,2.0,0.0,0.0,0.0,0.0,4.0,4.0,1.75,0.8125,19.495,73.1066666667,37.834166666675,17.6362500000125,25.92,0.799,0.3995,0.3995,0.799,0.0,14.0,229.0,215.0,106.125,92.125,14.0,1,0,0,0
mp-1206353,Zn2GaAgSe4,GGA,kesterita,False,False,False,False,0.008480034375,False,True,True,NM,0.6409,5.243174328866135,0.0404647808581087,1.53928972,197.70278821111884,8,30.0,47.0,17.0,34.25,3.1875,34.0,65.0,89.0,79.125,89.0,302.91,1234.93,612.4,195.77249999999998,494.0,11.0,16.0,14.0,2.0,4.0,5.0,1.0,0.21875,120.0,145.0,25.0,123.875,5.28125,120.0,2.55,0.8999999999999999,2.155,0.3949999999999999,2.55,1.0,1.875,2.0,0.0,4.0,2.125,1.875,10.0,10.0,10.0,0.0,0.0,0.0,11.0,16.0,5.0,14.0,2.0,5.0,5.0,1.625,1.21875,2.0,0.0,0.0,0.0,0.0,5.0,5.0,1.75,1.0625,13.96,25.92,20.848437500000003,5.071562500000001,25.92,0.799,0.3995,0.3995,0.799,0.0,14.0,225.0,211.0,91.625,84.53125,14.0,1,0,0,1
mp-1215542,Zn2GaCuSe4,GGA,kesterita,False,False,False,False,0.0042400675,False,True,True,NM,0.4497,5.20427752159032,0.0432342578289358,2.53860882,185.03844871475408,8,29.0,34.0,5.0,32.0,2.0,34.0,64.0,89.0,79.0,89.0,302.91,1357.77,627.755,214.96624999999997,494.0,11.0,16.0,14.0,2.0,4.0,4.0,0.0,0.0,120.0,132.0,12.0,122.25,2.4375,120.0,2.55,0.8999999999999999,2.15125,0.39874999999999994,2.55,1.0,1.875,2.0,0.0,4.0,2.125,1.875,10.0,10.0,10.0,0.0,0.0,0.0,11.0,16.0,5.0,14.0,2.0,5.0,5.0,1.625,1.21875,2.0,0.0,0.0,0.0,0.0,5.0,5.0,1.75,1.0625,11.07,25.92,20.1909375,5.7290625,25.92,0.799,0.3995,0.3995,0.799,0.0,14.0,225.0,211.0,91.625,84.53125,14.0,1,0,0,1
mp-1215816,Zn2InCuSe4,GGA,kesterita,False,False,False,False,0.006349229374999,False,True,True,NM,0.2425,5.313536937770767,0.0409571085610081,2.9284332600000003,195.32628842886956,8,29.0,49.0,20.0,34.25,3.6875,34.0,64.0,89.0,79.125,89.0,429.75,1357.77,643.61,203.075,494.0,11.0,16.0,14.0,2.0,4.0,5.0,1.0,0.21875,120.0,142.0,22.0,124.75,6.125,120.0,2.55,0.8999999999999999,2.1475,0.40249999999999997,2.55,1.0,1.875,2.0,0.0,4.0,2.125,1.875,10.0,10.0,10.0,0.0,0.0,0.0,11.0,16.0,5.0,14.0,2.0,5.0,5.0,1.625,1.21875,2.0,0.0,0.0,0.0,0.0,5.0,5.0,1.75,1.0625,11.07,25.92,20.86625,5.9021875,25.92,0.799,0.3995,0.3995,0.799,0.0,14.0,225.0,211.0,101.0,87.0,14.0,1,0,0,1
mp-1221353,Na2EuGeSe4,GGA,kesterita,False,False,False,False,0.034407940312502,False,True,True,FM,0.1751,4.761360020347146,0.0391165475136086,3.34828161,204.5170268980614,8,11.0,63.0,52.0,31.625,10.3125,34.0,2.0,89.0,58.0,89.0,370.87,1211.4,628.0175,262.59125000000006,494.0,1.0,16.0,10.375,6.53125,3.0,6.0,3.0,0.5,120.0,198.0,78.0,141.25,26.5625,120.0,2.55,1.6199999999999997,1.9068749999999999,0.6689062499999998,2.55,1.0,1.75,2.0,0.0,4.0,2.25,1.75,0.0,10.0,6.25,4.6875,7.0,0.875,1.0,16.0,15.0,11.125,5.59375,4.0,4.0,1.5,1.125,2.0,0.0,0.0,7.0,1.0,7.0,6.0,2.625,1.4375,23.005,36.46,27.703958333325,2.95869791665625,25.92,0.799,0.447375,0.351625,0.799,0.0,14.0,229.0,215.0,121.0,107.0,14.0,1,0,0,1
mp-1227001,Cd2GaCuSe4,GGA,kesterita,False,False,False,False,0.019861983750001,False,True,True,NM,0.086499999999999,5.375537964025224,0.0384279652264351,1.96730148,208.1817226819149,8,29.0,48.0,19.0,36.5,5.75,34.0,64.0,89.0,79.25,89.0,302.91,1357.77,603.14,188.65749999999997,494.0,11.0,16.0,14.0,2.0,4.0,5.0,1.0,0.375,120.0,144.0,24.0,127.75,9.1875,120.0,2.55,0.8599999999999999,2.16125,0.38874999999999993,2.55,1.0,1.875,2.0,0.0,4.0,2.125,1.875,10.0,10.0,10.0,0.0,0.0,0.0,11.0,16.0,5.0,14.0,2.0,5.0,5.0,1.625,1.21875,2.0,0.0,0.0,0.0,0.0,5.0,5.0,1.75,1.0625,11.07,25.92,21.574687500000003,4.3453125,25.92,0.799,0.3995,0.3995,0.799,0.0,14.0,225.0,211.0,91.625,84.53125,14.0,1,0,0,1
mp-568968,K2SnHgSe4,HSE06,kesterita,True,False,True,True,0.0,True,True,False,NM,1.4785,4.890521489869919,0.0330294661027956,1.36335561,242.20797196969767,8,19.0,80.0,61.0,38.0,13.5,34.0,3.0,89.0,64.125,89.0,234.32,505.08,423.5575,90.823125,494.0,1.0,16.0,11.5,5.25,4.0,6.0,2.0,0.5625,120.0,203.0,83.0,144.625,29.1875,120.0,2.55,1.73,1.9749999999999999,0.5812499999999999,2.55,1.0,1.75,2.0,0.0,4.0,2.25,1.75,0.0,10.0,7.5,3.75,14.0,1.75,1.0,26.0,25.0,13.25,6.125,4.0,4.0,1.5,1.125,2.0,0.0,0.0,0.0,0.0,4.0,4.0,1.75,0.8125,25.2375862069,73.1066666667,38.5519899425375,17.27733836208125,25.92,0.799,0.3995,0.3995,0.799,0.0,14.0,229.0,215.0,102.625,88.625,14.0,0,0,1,0
mp-1079491,LiIn2CuSe4,GGA,kesterita,False,False,False,False,0.003921621874999,False,True,True,NM,0.0001,4.885169110714449,0.0382090171406958,2.81546877,209.3746607127277,8,3.0,49.0,46.0,33.25,8.625,34.0,1.0,89.0,71.375,89.0,429.75,1357.77,580.87,194.225,494.0,1.0,16.0,12.75,3.375,2.0,5.0,3.0,0.5,120.0,142.0,22.0,128.0,8.0,120.0,2.55,1.5699999999999998,2.08,0.4699999999999999,2.55,1.0,1.75,2.0,0.0,4.0,2.25,1.75,0.0,10.0,8.75,2.1875,0.0,0.0,1.0,16.0,15.0,12.75,3.375,5.0,5.0,2.25,1.375,2.0,0.0,0.0,0.0,1.0,5.0,4.0,2.5,1.25,11.07,25.92,22.4829166666625,4.3256250000062515,25.92,0.799,0.3995,0.3995,0.799,0.0,14.0,229.0,215.0,98.5,84.5,14.0,1,0,0,1
mp-1221609,MnGa(CuSe2)2,GGA,kesterita,False,False,False,False,0.0,True,True,False,FiM,0.0344,5.257286806398516,0.0446236915038503,3.12153024,179.27696545028607,8,25.0,34.0,9.0,31.25,2.75,34.0,52.0,89.0,76.25,89.0,302.91,1519.0,814.18125,447.9990625,494.0,7.0,16.0,13.25,2.75,4.0,4.0,0.0,0.0,120.0,139.0,19.0,125.625,6.53125,120.0,2.55,0.9999999999999998,2.17,0.3799999999999999,2.55,1.0,1.75,2.0,0.0,4.0,2.125,1.875,5.0,10.0,9.375,1.09375,0.0,0.0,7.0,16.0,9.0,13.25,2.75,5.0,5.0,1.625,1.21875,2.0,5.0,0.625,0.0,1.0,5.0,4.0,2.5,1.25,10.4875862069,25.92,19.3956357758625,6.524364224137501,25.92,0.799,0.3995,0.3995,0.799,0.000310120689655,14.0,225.0,211.0,98.375,92.96875,14.0,1,0,0,0
mp-1223888,InAgSnSe4,GGA,kesterita,False,False,True,False,0.000746675714285,False,True,True,NM,0.7280000000000001,5.246057137515921,0.0336480951134902,2.41618499,208.0355507909141,7,34.0,50.0,16.0,40.285714285714285,7.183673469387755,34.0,65.0,89.0,82.28571428571429,89.0,429.75,1234.93,592.2514285714286,183.62244897959187,494.0,11.0,16.0,14.571428571428571,1.6326530612244898,4.0,5.0,1.0,0.489795918367347,120.0,145.0,25.0,129.42857142857142,10.77551020408163,120.0,2.55,0.7699999999999998,2.267142857142857,0.3232653061224489,2.55,1.0,1.8571428571428572,2.0,0.0,4.0,2.7142857142857144,1.4693877551020407,10.0,10.0,10.0,0.0,0.0,0.0,11.0,16.0,5.0,14.571428571428571,1.6326530612244898,5.0,5.0,2.4285714285714284,1.1836734693877549,2.0,0.0,0.0,0.0,1.0,5.0,4.0,2.5714285714285716,1.1020408163265307,16.33,33.285,25.365000000000002,2.897142857142857,25.92,0.799,0.4565714285714286,0.3913469387755102,0.799,0.0,14.0,225.0,211.0,80.14285714285714,75.59183673469387,14.0,1,0,0,1
mp-1223893,InAgGeSe4,GGA,kesterita,False,False,True,False,0.0,True,True,True,NM,0.8570000000000001,5.260498372037042,0.0362841125254864,2.43161404,192.92190197798288,7,32.0,49.0,17.0,37.714285714285715,5.877551020408164,34.0,65.0,89.0,82.14285714285714,89.0,429.75,1234.93,693.1542857142857,302.8632653061225,494.0,11.0,16.0,14.571428571428571,1.6326530612244898,4.0,5.0,1.0,0.4081632653061224,120.0,145.0,25.0,126.71428571428571,9.591836734693874,120.0,2.55,0.7699999999999998,2.274285714285714,0.3151020408163265,2.55,1.0,1.8571428571428572,2.0,0.0,4.0,2.7142857142857144,1.4693877551020407,10.0,10.0,10.0,0.0,0.0,0.0,11.0,16.0,5.0,14.571428571428571,1.6326530612244898,5.0,5.0,2.4285714285714284,1.1836734693877549,2.0,0.0,0.0,0.0,1.0,5.0,4.0,2.5714285714285716,1.1020408163265307,16.33,25.92,23.896428571428572,2.416530612244899,25.92,0.799,0.5112857142857143,0.3288163265306122,0.799,0.0,14.0,225.0,211.0,92.14285714285714,89.3061224489796,14.0,1,0,0,1
mp-1223911,InGa(AgSe2)2,GGA,kesterita,False,False,False,False,0.000840259374999,False,True,True,NM,0.103099999999999,5.428349927993341,0.0365194727816515,2.04892472,219.06121284476583,8,31.0,49.0,18.0,38.75,6.6875,34.0,65.0,89.0,79.375,89.0,302.91,1234.93,647.315,293.8075,494.0,11.0,16.0,14.0,2.0,4.0,5.0,1.0,0.46875,120.0,145.0,25.0,129.25,11.0625,120.0,2.55,0.7699999999999998,2.20625,0.3437499999999999,2.55,1.0,1.75,2.0,0.0,4.0,2.25,1.75,10.0,10.0,10.0,0.0,0.0,0.0,11.0,16.0,5.0,14.0,2.0,5.0,5.0,2.25,1.375,2.0,0.0,0.0,0.0,1.0,5.0,4.0,2.5,1.25,16.33,25.92,22.4321875,3.944765625000001,25.92,0.799,0.3995,0.3995,0.799,0.0,14.0,225.0,211.0,88.625,80.78125,14.0,1,0,0,1
mp-1223913,In2CuAgSe4,GGA,kesterita,False,False,False,False,0.004306511874997,False,True,True,NM,0.0032,5.471385954911491,0.0367693199144311,3.11267275,217.5726942629739,8,29.0,49.0,20.0,38.75,7.1875,34.0,64.0,89.0,79.375,89.0,429.75,1357.77,678.525,308.9125,494.0,11.0,16.0,14.0,2.0,4.0,5.0,1.0,0.46875,120.0,145.0,25.0,130.125,10.125,120.0,2.55,0.7699999999999998,2.19875,0.35124999999999995,2.55,1.0,1.75,2.0,0.0,4.0,2.25,1.75,10.0,10.0,10.0,0.0,0.0,0.0,11.0,16.0,5.0,14.0,2.0,5.0,5.0,2.25,1.375,2.0,0.0,0.0,0.0,1.0,5.0,4.0,2.5,1.25,11.07,25.92,22.450000000000003,4.375,25.92,0.799,0.3995,0.3995,0.799,0.0,14.0,225.0,211.0,98.0,84.0,14.0,1,0,0,1
mp-1224129,InCuSnSe4,GGA,kesterita,False,False,False,False,0.005165725000001,False,True,False,NM,0.357599999999999,5.0924904833619,0.0350251196158918,3.11903349,199.856562283485,7,29.0,50.0,21.0,37.714285714285715,6.734693877551021,34.0,64.0,89.0,82.14285714285714,89.0,429.75,1357.77,609.8000000000001,213.70571428571432,494.0,11.0,16.0,14.571428571428571,1.6326530612244898,4.0,5.0,1.0,0.4081632653061224,120.0,142.0,22.0,127.57142857142857,8.653061224489795,120.0,2.55,0.7699999999999998,2.262857142857143,0.32816326530612233,2.55,1.0,1.8571428571428572,2.0,0.0,4.0,2.7142857142857144,1.4693877551020407,10.0,10.0,10.0,0.0,0.0,0.0,11.0,16.0,5.0,14.571428571428571,1.6326530612244898,5.0,5.0,2.4285714285714284,1.1836734693877549,2.0,0.0,0.0,0.0,1.0,5.0,4.0,2.5714285714285716,1.1020408163265307,11.07,33.285,24.61357142857143,3.9706122448979593,25.92,0.799,0.4565714285714286,0.3913469387755102,0.799,0.0,14.0,225.0,211.0,80.14285714285714,75.59183673469387,14.0,1,0,0,0
mp-1224147,InGa(CuSe2)2,GGA,kesterita,False,False,False,False,0.004363673124998,False,True,False,NM,0.001199999999999,5.470677390613241,0.0420036423051925,3.61480687,190.4596735176709,8,29.0,49.0,20.0,34.25,3.6875,34.0,64.0,89.0,79.125,89.0,302.91,1357.77,678.025,339.87249999999995,494.0,11.0,16.0,14.0,2.0,4.0,5.0,1.0,0.21875,120.0,142.0,22.0,126.0,7.0,120.0,2.55,0.7699999999999998,2.19875,0.35124999999999995,2.55,1.0,1.75,2.0,0.0,4.0,2.25,1.75,10.0,10.0,10.0,0.0,0.0,0.0,11.0,16.0,5.0,14.0,2.0,5.0,5.0,2.25,1.375,2.0,0.0,0.0,0.0,1.0,5.0,4.0,2.5,1.25,11.07,25.92,21.1171875,5.588515625000001,25.92,0.799,0.3995,0.3995,0.799,0.0,14.0,225.0,211.0,88.625,80.78125,14.0,1,0,0,0
mp-1224210,InCuGeSe4,GGA,kesterita,False,False,False,False,0.0,True,True,True,NM,0.6493000000000001,5.02678995918389,0.0373831701507557,2.93671323,187.2500371630063,7,29.0,49.0,20.0,35.142857142857146,3.95918367346939,34.0,64.0,89.0,82.0,89.0,429.75,1357.77,710.7028571428572,327.93265306122447,494.0,11.0,16.0,14.571428571428571,1.6326530612244898,4.0,5.0,1.0,0.24489795918367374,120.0,142.0,22.0,124.85714285714286,6.938775510204083,120.0,2.55,0.7699999999999998,2.27,0.3199999999999999,2.55,1.0,1.8571428571428572,2.0,0.0,4.0,2.7142857142857144,1.4693877551020407,10.0,10.0,10.0,0.0,0.0,0.0,11.0,16.0,5.0,14.571428571428571,1.6326530612244898,5.0,5.0,2.4285714285714284,1.1836734693877549,2.0,0.0,0.0,0.0,1.0,5.0,4.0,2.5714285714285716,1.1020408163265307,11.07,25.92,23.145,3.4900000000000015,25.92,0.799,0.5112857142857143,0.3288163265306122,0.799,0.0,14.0,225.0,211.0,92.14285714285714,89.3061224489796,14.0,1,0,0,1
mp-1224837,Ga2CuAgSe4,GGA,kesterita,False,False,False,False,0.010433274374998,False,True,True,NM,0.0968,5.426184535858932,0.0417134024542775,2.5529786,191.7848827788351,8,29.0,47.0,18.0,34.25,3.1875,34.0,64.0,89.0,79.125,89.0,302.91,1357.77,646.815,324.76750000000004,494.0,11.0,16.0,14.0,2.0,4.0,5.0,1.0,0.21875,120.0,145.0,25.0,125.125,6.6875,120.0,2.55,0.7399999999999998,2.20625,0.3437499999999999,2.55,1.0,1.75,2.0,0.0,4.0,2.25,1.75,10.0,10.0,10.0,0.0,0.0,0.0,11.0,16.0,5.0,14.0,2.0,5.0,5.0,2.25,1.375,2.0,0.0,0.0,0.0,1.0,5.0,4.0,2.5,1.25,11.07,25.92,21.099375000000002,4.820625000000001,25.92,0.799,0.3995,0.3995,0.799,0.0,14.0,225.0,211.0,79.25,72.875,14.0,1,0,0,1
mp-1224848,GaAgSnSe4,GGA,kesterita,False,False,True,False,0.0,True,True,True,NM,0.8903000000000001,5.083101460811751,0.035004679889973,1.82359341,199.9732613468383,7,31.0,50.0,19.0,37.714285714285715,6.163265306122449,34.0,65.0,89.0,82.14285714285714,89.0,302.91,1234.93,574.1314285714286,188.79959183673472,494.0,11.0,16.0,14.571428571428571,1.6326530612244898,4.0,5.0,1.0,0.4081632653061224,120.0,145.0,25.0,126.57142857142857,8.816326530612244,120.0,2.55,0.7399999999999998,2.2714285714285714,0.3183673469387754,2.55,1.0,1.8571428571428572,2.0,0.0,4.0,2.7142857142857144,1.4693877551020407,10.0,10.0,10.0,0.0,0.0,0.0,11.0,16.0,5.0,14.571428571428571,1.6326530612244898,5.0,5.0,2.4285714285714284,1.1836734693877549,2.0,0.0,0.0,0.0,1.0,5.0,4.0,2.5714285714285716,1.1020408163265307,16.33,33.285,24.593214285714286,3.999693877551021,25.92,0.799,0.4565714285714286,0.3913469387755102,0.799,0.0,14.0,225.0,211.0,69.42857142857143,64.89795918367346,14.0,1,0,0,1
mp-1224851,GaCuGeSe4,GGA,kesterita,False,False,True,False,0.0,True,True,True,NM,0.7335,5.286351470848596,0.0427113552162043,2.87321888,163.89084271772913,7,29.0,34.0,5.0,32.57142857142857,1.63265306122449,34.0,64.0,89.0,81.85714285714286,89.0,302.91,1357.77,692.5828571428572,338.28693877551024,494.0,11.0,16.0,14.571428571428571,1.6326530612244898,4.0,4.0,0.0,0.0,120.0,132.0,12.0,122.0,2.857142857142857,120.0,2.55,0.7399999999999998,2.274285714285714,0.3151020408163265,2.55,1.0,1.8571428571428572,2.0,0.0,4.0,2.7142857142857144,1.4693877551020407,10.0,10.0,10.0,0.0,0.0,0.0,11.0,16.0,5.0,14.571428571428571,1.6326530612244898,5.0,5.0,2.4285714285714284,1.1836734693877549,2.0,0.0,0.0,0.0,1.0,5.0,4.0,2.5714285714285716,1.1020408163265307,11.07,25.92,22.373214285714287,4.233979591836735,25.92,0.799,0.5112857142857143,0.3288163265306122,0.799,0.0,14.0,225.0,211.0,81.42857142857143,82.0408163265306,14.0,1,0,0,1
mp-1224876,GaAgSnSe4,GGA,kesterita,False,False,True,False,0.001912531428572,False,True,True,NM,0.8816,5.108139722413814,0.035177105394193,1.89351907,198.99306442523687,7,31.0,50.0,19.0,37.714285714285715,6.163265306122449,34.0,65.0,89.0,82.14285714285714,89.0,302.91,1234.93,574.1314285714286,188.79959183673472,494.0,11.0,16.0,14.571428571428571,1.6326530612244898,4.0,5.0,1.0,0.4081632653061224,120.0,145.0,25.0,126.57142857142857,8.816326530612244,120.0,2.55,0.7399999999999998,2.2714285714285714,0.3183673469387754,2.55,1.0,1.8571428571428572,2.0,0.0,4.0,2.7142857142857144,1.4693877551020407,10.0,10.0,10.0,0.0,0.0,0.0,11.0,16.0,5.0,14.571428571428571,1.6326530612244898,5.0,5.0,2.4285714285714284,1.1836734693877549,2.0,0.0,0.0,0.0,1.0,5.0,4.0,2.5714285714285716,1.1020408163265307,16.33,33.285,24.593214285714286,3.999693877551021,25.92,0.799,0.4565714285714286,0.3913469387755102,0.799,0.0,14.0,225.0,211.0,69.42857142857143,64.89795918367346,14.0,1,0,0,1
mp-1224922,GaCuSnSe4,GGA,kesterita,False,False,False,False,0.00361307,False,True,True,NM,0.4173,5.170005322859549,0.0383822130933945,3.24939152,182.3761434226593,7,29.0,50.0,21.0,35.142857142857146,4.2448979591836755,34.0,64.0,89.0,82.0,89.0,302.91,1357.77,591.6800000000001,218.88285714285718,494.0,11.0,16.0,14.571428571428571,1.6326530612244898,4.0,5.0,1.0,0.24489795918367374,120.0,139.0,19.0,124.71428571428571,6.1632653061224465,120.0,2.55,0.7399999999999998,2.267142857142857,0.3232653061224489,2.55,1.0,1.8571428571428572,2.0,0.0,4.0,2.7142857142857144,1.4693877551020407,10.0,10.0,10.0,0.0,0.0,0.0,11.0,16.0,5.0,14.571428571428571,1.6326530612244898,5.0,5.0,2.4285714285714284,1.1836734693877549,2.0,0.0,0.0,0.0,1.0,5.0,4.0,2.5714285714285716,1.1020408163265307,11.07,33.285,23.841785714285717,5.073163265306121,25.92,0.799,0.4565714285714286,0.3913469387755102,0.799,0.0,14.0,225.0,211.0,69.42857142857143,64.89795918367346,14.0,1,0,0,1
mp-1228926,AlIn(AgSe2)2,GGA,kesterita,False,False,False,False,0.002148663749999,False,True,True,NM,0.508799999999999,5.147794187247591,0.0368302333751703,2.23741165,217.2128511516117,8,13.0,49.0,36.0,36.5,8.375,34.0,65.0,89.0,79.25,89.0,429.75,1234.93,726.135,306.23125000000005,494.0,11.0,16.0,14.0,2.0,3.0,5.0,2.0,0.5625,120.0,145.0,25.0,129.125,11.15625,120.0,2.55,0.9399999999999997,2.18125,0.3687499999999999,2.55,1.0,1.75,2.0,0.0,4.0,2.25,1.75,0.0,10.0,8.75,2.1875,0.0,0.0,3.0,16.0,13.0,12.75,3.3125,5.0,5.0,2.25,1.375,2.0,0.0,0.0,0.0,1.0,5.0,4.0,2.5,1.25,16.33,25.92,22.135,4.316250000000001,25.92,0.799,0.3995,0.3995,0.799,0.0,14.0,225.0,211.0,108.75,94.75,14.0,1,0,0,1
mp-1228950,AlGa(CuSe2)2,GGA,kesterita,False,False,False,False,0.001106895624999,False,True,True,NM,0.4356,5.019132513402924,0.0448093045406698,3.64424096,178.5343486583023,8,13.0,34.0,21.0,29.75,4.5625,34.0,64.0,89.0,78.875,89.0,302.91,1357.77,740.99,356.51,494.0,11.0,16.0,14.0,2.0,3.0,4.0,1.0,0.21875,120.0,132.0,12.0,123.375,4.3125,120.0,2.55,0.9399999999999997,2.1774999999999998,0.37249999999999994,2.55,1.0,1.75,2.0,0.0,4.0,2.25,1.75,0.0,10.0,8.75,2.1875,0.0,0.0,3.0,16.0,13.0,12.75,3.3125,5.0,5.0,2.25,1.375,2.0,0.0,0.0,0.0,1.0,5.0,4.0,2.5,1.25,11.07,25.92,20.144687500000003,5.7753125,25.92,0.799,0.3995,0.3995,0.799,0.0,14.0,225.0,211.0,99.375,94.21875,14.0,1,0,0,1
mp-1228963,AlAgSnSe4,GGA,kesterita,True,False,True,False,0.0,True,True,True,NM,1.1072,4.768387617941063,0.0353023186484196,2.05262524,198.2872589677156,7,13.0,50.0,37.0,35.142857142857146,7.632653061224491,34.0,65.0,89.0,82.0,89.0,494.0,1234.93,664.2114285714285,239.9934693877551,494.0,11.0,16.0,14.571428571428571,1.6326530612244898,3.0,5.0,2.0,0.4897959183673471,120.0,145.0,25.0,126.42857142857143,8.89795918367347,120.0,2.55,0.9399999999999997,2.242857142857143,0.3510204081632652,2.55,1.0,1.8571428571428572,2.0,0.0,4.0,2.7142857142857144,1.4693877551020407,0.0,10.0,8.571428571428571,2.448979591836735,0.0,0.0,3.0,16.0,13.0,13.142857142857142,3.5102040816326534,5.0,5.0,2.4285714285714284,1.1836734693877549,2.0,0.0,0.0,0.0,1.0,5.0,4.0,2.5714285714285716,1.1020408163265307,16.33,33.285,24.25357142857143,4.484897959183674,25.92,0.799,0.4565714285714286,0.3913469387755102,0.799,0.0,14.0,225.0,211.0,92.42857142857143,89.63265306122447,14.0,1,0,0,1
mp-1228980,AlCuGeSe4,GGA,kesterita,False,False,True,False,0.0,True,True,True,NM,0.8904999999999991,4.73835074893937,0.0416997834554701,3.73763322,167.8665791508262,7,13.0,34.0,21.0,30.0,5.142857142857143,34.0,64.0,89.0,81.71428571428571,89.0,494.0,1357.77,782.6628571428571,329.9004081632653,494.0,11.0,16.0,14.571428571428571,1.6326530612244898,3.0,4.0,1.0,0.24489795918367344,120.0,132.0,12.0,121.85714285714286,2.897959183673472,120.0,2.55,0.9399999999999997,2.2457142857142856,0.34775510204081633,2.55,1.0,1.8571428571428572,2.0,0.0,4.0,2.7142857142857144,1.4693877551020407,0.0,10.0,8.571428571428571,2.448979591836735,0.0,0.0,3.0,16.0,13.0,13.142857142857142,3.5102040816326534,5.0,5.0,2.4285714285714284,1.1836734693877549,2.0,0.0,0.0,0.0,1.0,5.0,4.0,2.5714285714285716,1.1020408163265307,11.07,25.92,22.03357142857143,4.719183673469388,25.92,0.799,0.5112857142857143,0.3288163265306122,0.799,0.0,14.0,225.0,211.0,104.42857142857143,103.34693877551021,14.0,1,0,0,1
mp-1229027,AlCuSnSe4,GGA,kesterita,False,False,False,False,0.0,True,True,True,NM,0.551299999999999,4.801565692513809,0.0385485792994619,3.48115986,181.5890527539548,7,13.0,50.0,37.0,32.57142857142857,6.612244897959185,34.0,64.0,89.0,81.85714285714286,89.0,494.0,1357.77,681.76,265.0628571428571,494.0,11.0,16.0,14.571428571428571,1.6326530612244898,3.0,5.0,2.0,0.2857142857142857,120.0,139.0,19.0,124.57142857142857,6.244897959183673,120.0,2.55,0.9399999999999997,2.2385714285714284,0.3559183673469387,2.55,1.0,1.8571428571428572,2.0,0.0,4.0,2.7142857142857144,1.4693877551020407,0.0,10.0,8.571428571428571,2.448979591836735,0.0,0.0,3.0,16.0,13.0,13.142857142857142,3.5102040816326534,5.0,5.0,2.4285714285714284,1.1836734693877549,2.0,0.0,0.0,0.0,1.0,5.0,4.0,2.5714285714285716,1.1020408163265307,11.07,33.285,23.502142857142854,5.558367346938778,25.92,0.799,0.4565714285714286,0.3913469387755102,0.799,0.0,14.0,225.0,211.0,92.42857142857143,89.63265306122447,14.0,1,0,0,1
mp-1229046,AlIn(CuSe2)2,GGA,kesterita,False,False,False,False,0.005000698749999,False,True,True,NM,0.2407,5.115242565748683,0.0421454410848193,3.96220743,189.8188699437192,8,13.0,49.0,36.0,32.0,6.25,34.0,64.0,89.0,79.0,89.0,429.75,1357.77,756.845,344.61875,494.0,11.0,16.0,14.0,2.0,3.0,5.0,2.0,0.25,120.0,142.0,22.0,125.875,7.09375,120.0,2.55,0.9399999999999997,2.17375,0.3762499999999999,2.55,1.0,1.75,2.0,0.0,4.0,2.25,1.75,0.0,10.0,8.75,2.1875,0.0,0.0,3.0,16.0,13.0,12.75,3.3125,5.0,5.0,2.25,1.375,2.0,0.0,0.0,0.0,1.0,5.0,4.0,2.5,1.25,11.07,25.92,20.82,5.960000000000001,25.92,0.799,0.3995,0.3995,0.799,0.0,14.0,225.0,211.0,108.75,94.75,14.0,1,0,0,1
mp-1232332,ZnCu2SiSe4,GGA,kesterita,False,False,False,False,0.0,True,True,True,NM,0.5549000000000001,5.078185669069057,0.0456078123136973,3.4454038,175.4085450311627,8,14.0,34.0,20.0,29.75,4.3125,34.0,64.0,89.0,78.875,89.0,494.0,1687.0,883.9024999999999,437.708125,494.0,11.0,16.0,14.0,2.0,3.0,4.0,1.0,0.21875,111.0,132.0,21.0,122.125,4.9375,120.0,2.55,0.8999999999999999,2.1937499999999996,0.35624999999999996,2.55,1.0,1.75,2.0,0.0,4.0,2.25,1.75,0.0,10.0,8.75,2.1875,0.0,0.0,4.0,16.0,12.0,12.75,3.25,4.0,4.0,1.5,1.125,2.0,0.0,0.0,0.0,0.0,4.0,4.0,1.75,0.8125,11.07,25.92,20.027500000000003,5.995625,25.92,0.799,0.49612500000000004,0.37209375,0.799,0.0,14.0,227.0,213.0,115.875,101.875,14.0,1,0,0,1
mp-1224265,InGa2(AgSe2)3,GGA,kesterita,False,False,False,False,0.003316334166669,False,True,True,NM,0.1481,5.407599258831536,0.0371598763155841,1.8723520999999992,645.8579085726095,24,31.0,49.0,18.0,38.0,6.333333333333333,34.0,65.0,89.0,79.33333333333333,89.0,302.91,1234.93,642.0300000000001,296.45000000000005,494.0,11.0,16.0,14.0,2.0,4.0,5.0,1.0,0.44444444444444436,120.0,145.0,25.0,128.41666666666666,10.555555555555552,120.0,2.55,0.7699999999999998,2.2075,0.34249999999999997,2.55,1.0,1.75,2.0,0.0,4.0,2.25,1.75,10.0,10.0,10.0,0.0,0.0,0.0,11.0,16.0,5.0,14.0,2.0,5.0,5.0,2.25,1.375,2.0,0.0,0.0,0.0,1.0,5.0,4.0,2.5,1.25,16.33,25.92,22.207083333333333,4.055069444444445,25.92,0.799,0.3995,0.3995,0.799,0.0,14.0,225.0,211.0,85.5,78.66666666666667,14.0,1,0,0,1
mp-6296,K6Cd4Sn3Se13,GGA,relacionada,True,False,True,True,0.030584630192309,False,True,False,NM,1.4058,3.14159189031428,0.0237994193413461,-0.18521672,1092.463628086542,26,19.0,50.0,31.0,34.53846153846154,7.710059171597635,34.0,3.0,89.0,65.1923076923077,89.0,336.53,594.22,474.3576923076923,63.61278106508878,494.0,1.0,16.0,11.692307692307692,4.934911242603551,4.0,5.0,1.0,0.393491124260355,120.0,203.0,83.0,145.03846153846155,26.751479289940832,120.0,2.55,1.73,1.9503846153846152,0.6018343195266271,2.55,1.0,1.7692307692307692,2.0,0.0,4.0,2.230769230769231,1.7692307692307692,0.0,10.0,7.6923076923076925,3.5502958579881656,0.0,0.0,1.0,16.0,15.0,11.692307692307692,4.934911242603551,4.0,4.0,1.4615384615384615,1.1242603550295855,2.0,0.0,0.0,0.0,0.0,4.0,4.0,1.6923076923076923,0.8402366863905326,19.495,73.1066666667,36.67057692308462,16.816656804745563,25.92,0.799,0.3995,0.3995,0.799,0.0,14.0,229.0,215.0,105.96153846153847,91.96153846153847,14.0,1,0,0,0
mp-1221561,MnZn3(CrSe2)8,GGA,relacionada,False,False,False,False,0.0,True,True,False,FM,0.141,5.339285514242404,0.0466362538545072,3.34795195,600.3912768669758,28,24.0,34.0,10.0,30.392857142857142,4.122448979591836,34.0,49.0,89.0,74.10714285714286,89.0,494.0,2180.0,1033.6085714285714,689.7516326530612,494.0,6.0,16.0,12.392857142857142,4.122448979591836,4.0,4.0,0.0,0.0,120.0,139.0,19.0,126.32142857142857,8.150510204081632,120.0,2.55,0.9999999999999998,2.1635714285714287,0.4416326530612244,2.55,1.0,1.7142857142857142,2.0,0.0,4.0,2.2857142857142856,1.959183673469388,5.0,10.0,8.392857142857142,2.181122448979592,0.0,0.0,6.0,16.0,10.0,12.392857142857142,4.122448979591836,2.0,2.0,1.1428571428571428,0.979591836734694,2.0,5.0,1.6071428571428572,0.0,0.0,6.0,6.0,3.0357142857142856,1.834183673469388,10.4875862069,25.92,19.878842364532144,6.904180154820409,25.92,0.799,0.4565714285714286,0.3913469387755102,0.799,0.000310120689655,14.0,229.0,215.0,101.96428571428571,100.53061224489797,14.0,1,0,0,0
mp-1215879,Zn4Cu11(SnSe4)5,GGA,kesterita,False,False,False,False,0.004902874012499,False,True,False,NM,0.478299999999999,5.4404972626349455,0.0418248854038111,3.42162879,956.3684302732152,40,29.0,50.0,21.0,34.225,3.9437500000000014,34.0,64.0,89.0,79.0,89.0,494.0,1357.77,752.78975,332.7391375,494.0,11.0,16.0,13.975,2.03125,4.0,5.0,1.0,0.21875,120.0,139.0,19.0,125.875,6.65,120.0,2.55,0.8999999999999999,2.2075,0.3424999999999999,2.55,1.0,1.725,2.0,0.0,4.0,2.25,1.75,10.0,10.0,10.0,0.0,0.0,0.0,11.0,16.0,5.0,13.975,2.03125,4.0,4.0,1.5,1.125,2.0,0.0,0.0,0.0,0.0,4.0,4.0,1.775,0.78125,11.07,33.285,21.560875000000003,7.290156249999998,25.92,0.799,0.3995,0.3995,0.799,0.0,14.0,225.0,211.0,105.9,91.9,14.0,1,0,0,0
